Source,Target,Weight,PMI
微博,视频,129,5.498148739604451
价格,元,26,5.423006538241457
元,购买,15,4.553106529578768
贵,卖,32,4.4729895694376856
护理,垫,72,4.317842206587729
消毒,级,41,4.289423699241027
内裤,一次性,54,4.201023371498166
点,苏菲,13,4.178384169521543
皮肤,接触,114,4.0304596739882355
pH,值,131,4.015749095438747
垃圾,残次品,15,3.9102783050376453
卫生用品,一次性,53,3.8819928694525703
晚会,315,74,3.8359734982582796
劣质,导致,20,3.760116558416763
晚会,曝光,60,3.533410728237848
女人,女,8,3.3850418701619835
垫,搜,22,3.3173473703486507
护理,搜,21,3.2931417659594047
价格,购买,17,3.2545109385220297
护垫,偏差,22,3.2540682658447695
商家,信任,34,3.2504145201054477
月,年,10,3.2502331744901136
曝光,315,58,3.2296406533688082
垃圾,生产,32,3.2174064381640894
女人,钱,13,3.1900121717743826
劣质,纸尿裤,12,3.1471396815260104
垃圾,纸尿裤,10,3.1273764267045805
残次品,纸尿裤,9,3.0875828368455553
发现,网友,36,3.0535951797075938
吸收,包装,14,3.013401580119542
里,垃圾,7,2.979342235462476
感觉,苏菲,5,2.973901946042862
护理,医用,91,2.9654707773435516
环境,影响,13,2.9282418464918787
垫,医用,91,2.922562185874261
垃圾,苏菲,6,2.907628726623696
选择,时,23,2.8718452762088784
护垫,卫生,26,2.854231780320508
国家标准,符合,40,2.771869739842441
里,公司,8,2.7278034684665116
称,客服,34,2.7144554282667377
里,纸尿裤,6,2.6712199401001437
想,女人,13,2.6473604759111904
长度,包装,59,2.639973114472103
女,钱,5,2.638663951658437
315,翻新,99,2.6071383415544687
发现,包装,16,2.5608490502074117
护垫,国家标准,23,2.5474446956419956
月,官方,10,2.545689058016285
吸收,月经,6,2.530357404260294
吸收,希望,8,2.515529986582655
吸收,长度,46,2.512838749216971
引发,事件,15,2.466227066840579
环境,pH,21,2.4657914047382525
想,钱,12,2.4635772451003457
回应,客服,48,2.407211379136488
吸收,误差,17,2.4048265221764353
时,购买,16,2.377727098044348
残次品,公司,7,2.366558786548371
吸收,更,23,2.3599141003008612
想,女,6,2.359046661629039
成本,压缩,256,2.3582619987173343
引发,导致,11,2.3575700033211158
影响,导致,8,2.3419731482700974
选择,消毒,10,2.3248828875717886
生产,纸尿裤,18,2.301601565580518
晚会,翻新,67,2.298731386320725
选择,级,10,2.282654652182491
里,市场,9,2.270121631779174
权益,消费者,47,2.2638964511725184
情况,偏差,8,2.247495611921283
偷工减料,压缩,256,2.2423580115735677
客服,质疑,22,2.2404578343261163
口碑,压缩,248,2.231538313720642
护理,买,26,2.2234376411399652
真的,女,7,2.2099908522343257
垫,买,26,2.180529049670674
卫生,消毒,15,2.177258234637313
女生,月经,4,2.171987313404872
称,回应,22,2.1677243077555435
消费品,正视,148,2.1674435743858114
残次品,元,2,2.1586659349070376
垫,元,4,2.1533716352375247
成本,偷工减料,260,2.1522510953436096
abc,感觉,7,2.140050256739691
晚会,年,7,2.1384191711607627
生产,残次品,14,2.1369708638077185
成本,口碑,251,2.136410828026126
感觉,没,6,2.134755957070178
环境,消毒,8,2.1087494567070233
皮肤,导致,14,2.107286299510776
官方,情况,6,2.094125682712327
消费品,需求,151,2.0869743397021017
偷工减料,口碑,262,2.082386288469038
东西,接触,14,2.078330523607359
搜,医用,30,2.0745652793193106
真的,感觉,8,2.0714300217013486
环境,值,15,2.0591416909521283
卫生用品,残次品,7,2.038871422372323
垃圾,中,11,2.034582331032721
需求,正视,161,2.005585666892699
女人,月经,4,2.0053374439954204
东西,女人,6,2.0013685417924747
长度,误差,70,1.997930104919386
环境,生产,17,1.9809796681937806
贵,感觉,4,1.9689470641000975
企业,残次品,13,1.9639205580918904
官方,ABC,28,1.939741532165793
医用,级,35,1.9363679853992912
称,公司,9,1.9278484582851592
贵,东西,6,1.9164796442059617
应,消费品,144,1.9052839913713442
月,女人,6,1.9018328682415604
行业,希望,10,1.901779062436874
信任,消费者,45,1.895911342083824
贵,女,3,1.8851154732966267
315,年,7,1.883558696772669
引发,关注,13,1.8582219194579306
女人,导致,5,1.8367378400196754
曝光,翻新,58,1.835762716602431
更,希望,15,1.8207793403233872
官方,买,13,1.8138545719532295
劣质,女人,5,1.803185280308649
公司,相关,7,1.8029699366197816
误差,包装,13,1.7858566710174915
官方,相关,6,1.765002086420761
月,东西,6,1.7603604422886798
应,正视,146,1.7512827372101083
更,购买,17,1.7501668980091578
纸尿裤,购买,5,1.7271359293538169
值,影响,12,1.7216167410137473
内裤,里,4,1.6921795587357902
护垫,医用,31,1.686933937381119
没,情况,6,1.6831925817662199
引发,网友,13,1.6725786842686878
国家标准,偏差,12,1.6625331112001271
应,需求,148,1.6614909355792022
贵,苏菲,3,1.6560899596277316
医用,买,58,1.6478292586565932
情况,相关,5,1.639471204336902
真的,做,15,1.6392319712643217
月经,情况,3,1.63469406407503
ABC,苏菲,14,1.6309888260261638
pH,标准,60,1.6274095870600243
消费品,女性,303,1.617874381598513
残次品,购买,4,1.6031472120783634
公司,元,2,1.6022725863826526
长度,偏差,30,1.6013329547633894
里,女人,3,1.5902999447165764
引发,质疑,8,1.5728197005956823
回应,质疑,13,1.5627660359317594
贵,没,6,1.5539095648212535
产品,接触,77,1.5537036861136777
发现,长度,37,1.5535325509343818
真的,女生,7,1.5494773185059927
内裤,没,7,1.5480329984845842
点,纸尿裤,3,1.545689058016285
做,女,4,1.5419107187788494
说,没,15,1.5391462121495132
女性,正视,322,1.5317164646412385
产品,皮肤,79,1.5212499654383018
事件,希望,5,1.5155299865826553
内裤,翻新,27,1.5126207427701788
购买,苏菲,3,1.5073882292729326
中,市场,16,1.5033600293274136
里,感觉,2,1.5012949386578316
国家标准,误差,19,1.4997028527421048
护垫,标准,29,1.4971998844772298
环境,市场,8,1.4954979115544431
质量,关注,13,1.4924873399211631
月,女生,4,1.4835202369298557
关注,消毒,8,1.4825642932593537
标准,值,51,1.4717214468071185
卖,官方,4,1.4647690626327177
年,消毒,3,1.4623864113217235
年,包装,3,1.4623864113217235
做,钱,7,1.4537962243077605
质量,消毒,9,1.4535082599752709
价格,情况,4,1.4450328445714555
说,感觉,7,1.4396105385985987
网友,中,16,1.4394327025378633
价格,月经,3,1.4330602029053796
企业,生产,31,1.4316958790726364
行业,残次品,6,1.426078781251406
真的,想,11,1.423946436422134
年,级,3,1.4201581759324262
质疑,偏差,6,1.4196765873039634
abc,ABC,30,1.4112459831036652
贵,钱,4,1.4046835560467772
里,卫生用品,4,1.4001161042904642
曝光,年,5,1.3981318696024272
晚会,纸尿裤,6,1.3855120331255348
卖,女,2,1.3850418701619833
客服,偏差,12,1.3795991479286285
点,感觉,2,1.3757640565739728
东西,导致,4,1.3733373191794327
东西,皮肤,9,1.3714526748344897
健康,选择,14,1.3652333890818034
护理,女生,5,1.362930096116267
点,做,5,1.3586035054157897
卫生用品,纸尿裤,5,1.3555052175901727
曝光,纸尿裤,7,1.3530439800738892
事件,中,10,1.3485583025296903
真的,月经,5,1.344859598897521
公司,客服,11,1.3313112647772298
点,月经,2,1.3272655388827828
吸收,影响,4,1.3250993297057012
垫,女生,5,1.320021504646976
卖,垃圾,3,1.3094908371548066
权益,影响,4,1.308420588559071
产品,符合,58,1.3079226400826505
官方,回应,9,1.3075293208215204
卫生用品,购买,6,1.304029000099087
企业,事件,13,1.3031905497527696
品牌,客服,83,1.3001882173465478
里,消毒,3,1.2984106762105976
官方,微博,6,1.291932465770502
内裤,情况,4,1.2891147011230224
卫生用品,国家标准,11,1.2865578638726813
企业,相关,12,1.284854490743365
里,abc,4,1.2841968169908966
里,残次品,2,1.2841968169908966
abc,月经,4,1.2841968169908966
感觉,315,5,1.2826546521824913
生产,偏差,12,1.280942095014425
产品,相关,35,1.2769011249521938
东西,垫,6,1.274933615118438
想,做,9,1.273714607829277
引发,行业,10,1.2675136419736412
符合,皮肤,15,1.2674847549683146
事件,消费者,29,1.2620392408817214
价格,东西,4,1.2591662992601214
希望,市场,6,1.2552942141015346
环境,中,8,1.2512611011747752
劣质,购买,4,1.2476665574799746
称,国家标准,10,1.2318546451752592
劣质,晚会,6,1.227970756139055
pH,影响,9,1.2278021283507863
应,女性,303,1.2213423511717427
感觉,女生,2,1.2204858310960618
国家标准,一次性,12,1.2187253732316243
客服,误差,19,1.2167688894706061
符合,误差,14,1.2022552034547205
劣质,曝光,7,1.195502703087409
情况,卫生,6,1.1916135276143829
长度,引发,27,1.1874354753312146
行业,事件,8,1.180386272191129
客服,ABC,41,1.1745831737623966
企业,公司,11,1.1665191100637102
品牌,信任,37,1.161196361640286
生产,一次性,15,1.1590624519332848
做,东西,6,1.1582373904093408
发现,没,7,1.156050735433406
点,视频,3,1.1516111773730875
国家标准,相关,8,1.1476181080072274
误差,中,15,1.13481919295267
一次性,翻新,29,1.1302874085640404
事件,质疑,5,1.1295485205878946
时,包装,7,1.1267833795372846
微博,翻新,28,1.1204469503405727
想,女生,4,1.1135706271795498
点,315,5,1.1086252524074423
搜,一次性,5,1.1076940608428802
说,买,20,1.1068720079453653
贵,情况,3,1.1023461895172957
品牌,苏菲,18,1.1016765222661824
权益,事件,4,1.099386550077642
点,翻新,13,1.0932589388947949
符合,消毒,7,1.0909381805905625
官方,事件,4,1.0828984272890732
企业,行业,17,1.0764627487162355
垃圾,购买,3,1.0759002092134946
贵,符合,6,1.0755461301735803
月,ABC,17,1.0719507562462147
真的,没,8,1.0714300217013486
abc,买,12,1.0703461319202512
真的,医用,30,1.0656871279728581
官方,翻新,17,1.065244562725198
东西,买,8,1.0650518322507383
选择,购买,4,1.0612534332490935
月经,时,4,1.0587767029568806
翻新,纸尿裤,15,1.0587017168584265
回应,符合,14,1.055662705843032
卖,没,4,1.0538359616866102
残次品,翻新,13,1.050190217002909
说,官方,8,1.0431887174871017
卖,做,5,1.0366754105284275
卫生用品,生产,12,1.0304977297708382
感觉,翻新,11,1.0262802391660488
abc,苏菲,3,1.019838230209721
权益,关注,5,1.0197603750497826
卫生,偏差,7,1.014834855131008
国家标准,回应,15,1.0120734372953493
信任,影响,4,1.003171234818339
年,影响,2,0.9964765822443307
吸收,感觉,2,0.9938934212303282
环境,卫生,6,0.9899796664447325
感觉,钱,2,0.9855299482957015
说,想,11,0.9847720312617799
回应,时,13,0.9845927008732422
想,月经,3,0.9793422354624759
月经,买,5,0.9759113300622024
品牌,质疑,32,0.9652262253749581
说,女,4,0.9634615250163676
点,没,3,0.9607265572951288
品牌,回应,62,0.9606451984883463
感觉,医用,10,0.9590880618993749
产品,国家标准,50,0.9506728926312059
女性,钱,43,0.9456528627709496
称,官方,4,0.9423480279802742
消费者,质疑,23,0.9411034311747842
卫生用品,商家,8,0.9396009744937964
公司,中,7,0.9383217895146676
搜,网友,5,0.9372106328246435
生产,相关,9,0.9359520932638379
东西,钱,3,0.933062528401566
里,权益,2,0.9287161623925079
事件,晚会,6,0.9227214023983229
劣质,中,6,0.916842062104216
东西,没,4,0.9123635357337299
医用,月经,10,0.9105895442081848
内裤,接触,7,0.9066450643006092
值,皮肤,14,0.9019673915332694
月,卖,3,0.9018328682415603
质量,卫生,10,0.901779062436874
真的,卫生,10,0.901779062436874
价格,贵,3,0.9007123283476451
质量,选择,6,0.8974006219262997
环境,没,4,0.8965962198754133
需求,女性,223,0.8922788780670873
公司,年,2,0.8917792035776373
abc,公司,5,0.8811319593781288
感觉,女,1,0.8809993648243948
点,女人,2,0.8798065619115615
点,卖,2,0.8798065619115615
卖,元,1,0.8798065619115615
价格,做,5,0.8794356687172302
卫生用品,劣质,4,0.8760358457163303
希望,相关,3,0.8757055508269805
女人,商家,5,0.866750409086115
女性,导致,40,0.866553494455237
里,东西,2,0.8638650180425399
东西,月经,2,0.8638650180425399
abc,搜,4,0.8632100513808665
称,微博,6,0.8626208355095402
行业,相关,6,0.8624899313228167
称,符合,7,0.8604064144440982
称,品牌,33,0.8555867160609907
abc,真的,8,0.8543319000344137
点,想,3,0.8538113533786169
卖,包装,3,0.8509516992393763
里,环境,2,0.8480977021842232
内裤,苏菲,2,0.8428584712334583
残次品,卫生,4,0.8411162805302497
长度,网友,27,0.8350386953315997
里,女,1,0.8325008471332048
女,月经,1,0.8325008471332048
女生,皮肤,5,0.8315780636418716
微博,搜,4,0.8265515808020183
垃圾,翻新,12,0.8225034959969479
质量,劣质,5,0.8207793403233872
里,生产,5,0.820143640613222
垃圾,市场,4,0.8193875227750917
发现,做,7,0.8169620893878607
月,贵,3,0.8169439706550474
月,感觉,2,0.8128278621828153
点,钱,2,0.8115005485206527
商家,市场,9,0.8096065019825063
生产,中,15,0.8082695403249301
月经,关注,3,0.8068750394577102
想,东西,4,0.8054483318172179
苏菲,买,4,0.8046621476725082
曝光,希望,5,0.8042912175348182
315,希望,5,0.8042912175348182
感觉,晚会,3,0.8005495324043788
贵,元,1,0.7949176643250485
行业,消费者,32,0.7903073216083681
消费者,市场,30,0.7876786630477536
权益,相关,3,0.7814902092093299
生产,公司,8,0.7732225932257295
医用,情况,12,0.7705590924292108
女生,情况,2,0.7689224557921039
女生,医用,11,0.7672839603963498
卫生用品,行业,7,0.7643904898874213
月,月经,2,0.7643293444916254
月,里,2,0.7643293444916254
感觉,包装,2,0.7619466931806315
护垫,年,2,0.7608483337511888
官方,发现,4,0.7596289143219092
真的,东西,5,0.7559281959734192
点,国家标准,4,0.7542756798277025
女生,搜,2,0.7510005477948415
回应,误差,13,0.7505811962699609
健康,女性,119,0.7455462906014979
卫生,苏菲,3,0.745357297724819
健康,权益,8,0.7442915912550803
官方,残次品,2,0.7436284356281939
选择,月经,2,0.7423030381616265
内裤,感觉,2,0.74067807642698
健康,关注,13,0.7379276857402188
曝光,视频,6,0.7365736780942436
企业,垃圾,6,0.7362338370859293
内裤,晚会,5,0.7283997466485433
公司,月经,2,0.7278034684665116
国家标准,消毒,6,0.7254208171555174
没,医用,17,0.7246228082623519
内裤,做,5,0.7235175252687972
健康,市场,14,0.7231269812570382
事件,关注,5,0.7145110213090508
皮肤,情况,5,0.7093223135908735
没,买,8,0.7024817528660301
称,级,4,0.7013399284764793
企业,卫生用品,10,0.7013282221377278
价格,相关,3,0.7008717490010452
消费者,影响,17,0.7005551254859177
商家,影响,5,0.6939138122238994
内裤,月经,2,0.6921795587357901
相关,市场,5,0.6899362713198898
应,选择,16,0.6853183074294362
称,偏差,4,0.6806804579103863
更,消费者,47,0.6789339504513624
品牌,误差,46,0.6766033417701726
真的,翻新,24,0.6734476866022348
护垫,一次性,5,0.6727570041263318
pH,接触,12,0.6702457849702821
翻新,苏菲,8,0.6690290153352298
说,公司,7,0.6661190684072785
感觉,年,1,0.6652706737689575
翻新,视频,15,0.6646238362152288
女生,钱,2,0.6562223230427416
卖,翻新,12,0.6558536265874967
生产,希望,6,0.6533131294905328
回应,ABC,27,0.6532187734096294
卖,市场,4,0.6527376533656404
环境,级,3,0.6514837220388818
权益,垃圾,2,0.6479070548307378
女人,没,3,0.6387984624077666
影响,级,3,0.6358868669878632
价格,买,6,0.6342470171135779
卫生用品,市场,6,0.6324788143818404
内裤,说,7,0.6304951586765571
符合,公司,5,0.6198666463973906
包装,购买,3,0.6173610712980644
pH,关注,9,0.6172138199541357
说,真的,11,0.6133238005306187
误差,偏差,6,0.6074917476421651
里,苏菲,1,0.6034753334643098
点,相关,2,0.5950770849784486
信任,市场,5,0.5927951129093582
护垫,接触,6,0.5889456828684339
健康,导致,7,0.585199073023711
说,东西,6,0.5797881966468589
卖,真的,4,0.5754725270389373
真的,女人,4,0.5754725270389373
行业,一次性,7,0.5710271171625055
没,翻新,16,0.5668486205287517
生产,消毒,7,0.5662222223062634
时,质疑,5,0.5648584148929995
真的,商家,8,0.562416374213491
卖,卫生,4,0.5622569075347733
情况,导致,2,0.5592038644907665
包装,消毒,3,0.5590624307333973
发现,引发,5,0.5579950531522587
卖,女人,2,0.5578784670241992
网友,偏差,5,0.5559614470020829
质量,卫生用品,6,0.5552136880551373
商家,一次性,7,0.5535925238264849
女生,女,1,0.5516917395714348
健康,劣质,7,0.5516465133126845
官方,没,3,0.545689058016285
315,纸尿裤,4,0.545689058016285
卫生用品,护垫,4,0.5441922819638851
网友,质疑,5,0.5423510154834298
吸收,情况,2,0.5423300459263704
品牌,ABC,93,0.5403899899384832
质量,健康,13,0.5389466510138233
商家,消费者,27,0.5277602304358161
误差,影响,5,0.526397719407525
长度,符合,22,0.5262450122682759
女生,关注,3,0.5260659318959404
值,关注,8,0.5260659318959404
权益,情况,2,0.5256513047797401
内裤,垫,4,0.5182856550905321
残次品,市场,3,0.5165595270822728
生产,卫生,11,0.51456662790251
环境,皮肤,5,0.5076884524212232
希望,钱,2,0.5071665136480284
里,没,2,0.5012949386578316
感觉,月经,1,0.5012949386578316
长度,客服,29,0.49873548338845475
符合,值,9,0.49700989861185724
企业,权益,6,0.49296268607356547
点,年,1,0.4912412739939086
东西,标准,12,0.4911738094732909
质量,贵,4,0.4905836294524244
曝光,关注,7,0.48869907943145546
权益,行业,4,0.4856356259318609
abc,偏差,4,0.48196086555830603
更,医用,32,0.47961869002553265
质量,市场,7,0.4776866354379827
发现,年,2,0.4641730307957381
医用,选择,12,0.46313056723696366
东西,医用,11,0.4591616650340181
说,女人,5,0.45822621676594577
符合,标准,21,0.45759521749851356
情况,中,4,0.4528949623444259
里,月经,1,0.4527964209666416
abc,年,2,0.4481725521020228
长度,国家标准,23,0.4472504075893942
垃圾,公司,2,0.44699436090474165
环境,情况,2,0.44503284457145553
行业,标准,21,0.4443795979943497
标准,卫生,21,0.4443795979943497
贵,买,5,0.443563455504468
想,感觉,2,0.4428782524325097
护垫,消毒,3,0.44248685388401876
更,选择,7,0.4406152009239407
残次品,苏菲,1,0.4348757294885648
国家标准,pH,10,0.42711093657419313
质量,中,8,0.4260949030007106
时,卫生,7,0.4230510885538379
误差,情况,4,0.42170034074083174
引发,回应,7,0.4213972853797995
国家标准,级,5,0.4201581759324261
搜,翻新,10,0.4192914321148938
质量,价格,4,0.41823278522774016
价格,希望,2,0.41823278522774016
pH,符合,9,0.41823278522774016
卖,东西,2,0.4164060410713187
abc,说,8,0.4151574948740598
月,市场,4,0.4117295538618454
内裤,女生,2,0.4113704511740202
健康,卫生,12,0.41025381408972345
误差,网友,8,0.40823808093426905
女生,翻新,9,0.40746599671810413
关注,质疑,4,0.4060661557853103
女生,市场,3,0.4043500234962478
想,买,7,0.4029214710071223
企业,市场,10,0.4014087481841254
环境,女人,2,0.40063872521300187
贵,更,6,0.39636828783477346
元,翻新,4,0.39281922075370274
女,卫生,2,0.3894203106725578
质量,行业,7,0.3872058896071157
女人,影响,2,0.3850418701619834
abc,导致,3,0.3786316188489457
品牌,偏差,21,0.3711540796723715
月,情况,2,0.36126448687885765
包装,市场,4,0.3608483848596613
一次性,苏菲,2,0.35743164406321654
点,品牌,13,0.35598144438343515
企业,一次性,9,0.35596175596776214
国家标准,值,9,0.35388495651326
abc,钱,3,0.35339432734992277
价格,长度,11,0.3514112104423404
abc,劣质,3,0.34507905913791914
abc,权益,3,0.34507905913791914
里,更,4,0.3437536616713517
女,导致,1,0.3419731482700976
引发,客服,7,0.34009718327795124
劣质,东西,2,0.33978475946840603
品牌,市场,30,0.33536341330494035
价格,钱,2,0.33233271182209306
标准,医用,52,0.3314474581715095
真的,垃圾,3,0.327084897169545
内裤,纸尿裤,2,0.3256405771481363
环境,劣质,2,0.32401744361008933
内裤,生产,6,0.3225611842161643
月,卫生,4,0.32124880803097855
纸尿裤,市场,3,0.318620149470364
事件,误差,5,0.31736368092609596
护垫,女生,2,0.31606349107829274
选择,希望,2,0.3124381212051436
月,回应,5,0.31163371915425697
pH,纸尿裤,4,0.31163371915425697
医用,包装,11,0.3087448224809196
劣质,女,1,0.30842058855907106
企业,元,2,0.306549561842684
做,行业,6,0.3040882568727955
价格,护理,3,0.30207489072941235
做,女人,3,0.2997098163622213
内裤,时,4,0.2981598407260292
月,买,5,0.28744425358718634
感觉,买,3,0.28744425358718634
说,影响,5,0.28538961990373013
月,引发,3,0.28516150779306615
健康,行业,11,0.2847229320058644
国家标准,中,8,0.2829699609021136
女人,公司,2,0.28034449149529017
abc,东西,3,0.28022791478795117
卫生用品,卫生,5,0.2789636627171796
里,垫,2,0.27890251732138366
垫,月经,2,0.27890251732138366
卫生,相关,4,0.2775274306016605
卫生用品,选择,3,0.27458522220660525
内裤,搜,2,0.2711927931257598
事件,市场,4,0.2708670180219957
健康,商家,11,0.2672883386698438
劣质,皮肤,4,0.26637881774214517
消费者,希望,11,0.26295455974982923
pH,网友,8,0.26164558332258037
企业,消费者,33,0.25706600038736993
引发,消费者,17,0.25672036189963887
ABC,网友,16,0.25642787405156114
卫生用品,相关,3,0.25289015110728624
消费者,购买,13,0.25277797129757407
称,关注,4,0.2520325271128894
吸收,医用,9,0.25118493333563147
曝光,一次性,6,0.25114685092400185
苏菲,市场,2,0.2508755428345297
搜,级,2,0.25023317449011384
健康,环境,6,0.248635631767952
品牌,影响,17,0.24823987574310435
权益,购买,2,0.24766655747997468
产品,偏差,18,0.24749561192128305
信任,口碑,14,0.24639715957195238
晚会,一次性,5,0.2429729194783017
符合,级,4,0.24135502314366084
符合,接触,7,0.23739700957497764
吸收,选择,2,0.234901520734123
产品,质疑,18,0.23388518040263004
健康,影响,6,0.23303877671693346
搜,买,4,0.23299646956480982
内裤,商家,4,0.23166442893912237
发现,时,5,0.2281056725622136
价格,女,1,0.22780212835078628
称,长度,13,0.22723801710488917
贵,医用,9,0.22623857620540058
abc,想,4,0.22578013076557485
真的,买,8,0.22411831821835695
标准,相关,11,0.22238587640919952
想,垫,4,0.2204858310960618
中,卫生,7,0.2202342055541508
女,翻新,5,0.219982623891487
健康,消费者,36,0.21888828837390004
内裤,想,3,0.21872537323162428
标准,消毒,11,0.21522608483633357
贵,做,3,0.21482091877570827
公司,钱,2,0.2120384781043812
做,感觉,2,0.2107048103034764
事件,网友,4,0.2069396912324454
品牌,消费者,100,0.2055202352033
客服,时,8,0.202852880630302
环境,关注,3,0.20217632067529195
想,ABC,12,0.19950080596672592
企业,翻新,26,0.19807384393855518
搜,年,1,0.19578539046773732
行业,质疑,4,0.19386950155475105
引发,级,3,0.1920521034015846
更,消毒,6,0.18936791691530758
发现,值,6,0.18931318956515442
企业,信任,6,0.18771333233283347
年,希望,1,0.18690723912128443
价格,产品,15,0.18199843873766147
行业,信任,4,0.180386272191129
护垫,网友,4,0.18034548122073235
称,误差,5,0.17681328161729734
质量,苏菲,2,0.17361041650782685
客服,关注,7,0.1733436384675793
标准,级,11,0.17299784944703595
官方,包装,2,0.17287979412673868
消费者,关注,18,0.17242897728123996
质量,企业,9,0.17214052841237226
里,女生,1,0.17198731340487186
内裤,更,6,0.16809930016165625
说,网友,8,0.16722998143047424
吸收,级,2,0.16381842267264063
劣质,市场,3,0.16107887248388408
质量,卖,3,0.16043502776009347
卖,符合,3,0.16043502776009347
商家,年,2,0.15625702628109994
点,垫,2,0.1533716352375249
内裤,315,4,0.15161117737308738
想,需求,13,0.15104533259821268
价格,企业,5,0.14930982003148696
女人,卫生,3,0.1472194082559296
质疑,导致,2,0.14642233915229064
医用,卫生,16,0.14558091286017566
卫生用品,标准,13,0.142902113141151
生产,购买,5,0.1390940357006887
钱,买,4,0.13821824481270978
健康,护理,8,0.13738653765324724
感觉,纸尿裤,1,0.13475595707017776
点,ABC,6,0.13238661010818897
误差,ABC,17,0.13238661010818897
产品,时,25,0.12964303367652522
年,导致,1,0.12624445721466032
东西,消毒,2,0.12451677256533969
长度,商家,17,0.12362602204113328
月经,女性,17,0.12261593968132127
权益,时,3,0.11965894510390322
公司,翻新,10,0.11528524522479379
称,生产,6,0.11329803482335116
产品,市场,24,0.11216927200293747
发现,pH,6,0.11053607618103746
消费者,选择,12,0.10785697598515624
月,皮肤,4,0.10199199984126286
吸收,符合,3,0.10049248730381141
权益,信任,2,0.09938655007764217
权益,网友,3,0.09715154569433351
点,关注,2,0.09638165665269502
abc,回应,6,0.09453559748732222
长度,品牌,77,0.09174103864192308
品牌,中,30,0.09112660292527257
事件,曝光,4,0.08289842728907325
标准,网友,16,0.07861559425690616
医用,购买,9,0.07753684585060179
贵,真的,3,0.07554613017358033
健康,钱,5,0.07453495435444646
品牌,残次品,11,0.07190462298775427
内裤,微博,3,0.07188398490235313
感觉,希望,1,0.07143002170134866
劣质,卫生,3,0.07059812665301711
回应,网友,7,0.06900050538018464
企业,纸尿裤,4,0.06554146233888919
标准,希望,8,0.06527779471975348
权益,品牌,14,0.06434727180967224
想,女性,34,0.0641992534559994
健康,微博,8,0.06311377527462117
315,苏菲,2,0.06290695210160717
商家,钱,3,0.06147880152900007
ABC,级,9,0.0613035120467062
价格,更,5,0.060983037776295525
环境,更,5,0.060983037776295525
环境,标准,9,0.06036899433613037
没,卫生,4,0.05821440219718477
官方,客服,4,0.056304217277360076
行业,曝光,6,0.05411000386444808
点,医用,6,0.04809306795811985
企业,称,6,0.04716293302403479
关注,视频,3,0.04625817722685866
想,翻新,12,0.044895917333395784
国家标准,年,2,0.043782297022687426
情况,接触,3,0.04180464758224503
想,市场,4,0.04177994411153952
点,晚会,2,0.041557631908173714
产品,中,27,0.03785746306558191
企业,情况,4,0.02901558631377524
ABC,质疑,9,0.027033609961960133
女生,标准,7,0.021688526172070496
价格,信任,2,0.01876808986935757
误差,时,6,0.015707981064994783
真的,接触,6,0.015004588238529796
做,生产,7,0.01498033942910833
标准,偏差,10,0.014834855131008047
事件,ABC,9,0.013550380598338161
abc,客服,6,0.013235495385474102
企业,搜,4,0.011093678316512895
事件,翻新,10,0.010948585410058128
没,导致,2,0.010767239794724331
皮肤,级,4,0.00888259544978137
abc,垃圾,2,0.0033877094291266947
事件,影响,2,0.0031712348183389892
月,品牌,15,-0.0005038725402957985
健康,护垫,6,-0.0025894717762084732
女人,中,3,-0.0065366562928714
价格,护垫,2,-0.00782612014235569
长度,事件,10,-0.01072320684004176
质量,影响,3,-0.01240156910212213
价格,医用,8,-0.016037269461595848
长度,年,5,-0.017417859414050014
卫生,市场,5,-0.020955811236423025
更,没,6,-0.022785319916302203
客服,影响,4,-0.023422975193374114
产品,发现,19,-0.024865049926882685
劣质,生产,4,-0.025864712848274147
值,接触,7,-0.02858468030915297
权益,女性,22,-0.029495541505854688
引发,搜,2,-0.03232068206310414
ABC,钱,7,-0.035455076833634414
质量,女性,41,-0.0371598139074176
贵,标准,8,-0.03720516288149783
月经,导致,1,-0.03773127789646559
微博,晚会,4,-0.03816956056256053
官方,感觉,1,-0.0392734427048712
女生,买,3,-0.04186337166577363
产品,信任,15,-0.04263245479478578
标准,元,3,-0.04542566968646625
生产,市场,7,-0.047029322846316376
内裤,消毒,2,-0.04716868674141017
品牌,事件,16,-0.048257003988663984
想,卫生,4,-0.04870080171932732
价格,消费者,10,-0.049382765826040925
卖,想,2,-0.05307924222990159
信任,购买,2,-0.05758279626075726
企业,质疑,5,-0.061837844137338324
里,钱,1,-0.06296856939548849
晚会,关注,4,-0.06379536823805505
护垫,皮肤,4,-0.0654647460102999
生产,标准,21,-0.06712074078578534
引发,ABC,10,-0.06924725106146161
做,翻新,13,-0.07180030737570144
微博,ABC,11,-0.07287146444640417
产品,标准,64,-0.07784714737884378
abc,没,3,-0.08234216459675714
月,苏菲,1,-0.08499174301070646
消费者,导致,9,-0.08721483935177979
东西,感觉,1,-0.08763646426627011
包装,偏差,2,-0.08878777594314927
内裤,级,2,-0.0893969221307075
质量,产品,22,-0.09062673640762436
应,时,15,-0.09131743216679081
质疑,相关,2,-0.09523841588893624
月,健康,5,-0.09816713175843969
abc,称,3,-0.10072069391161165
产品,购买,13,-0.10080332485987964
发现,情况,2,-0.10286756192815583
长度,标准,41,-0.10342339408485993
企业,官方,4,-0.10848793743615971
应,接触,17,-0.10961488500799424
说,女生,3,-0.11208950799080919
质量,商家,5,-0.11565553089914671
行业,元,1,-0.11581499757786429
更,级,5,-0.11589472430778357
商家,更,8,-0.11676146812531601
想,正视,10,-0.1180456822756785
做,女生,2,-0.11860281494948355
做,垃圾,2,-0.11860281494948355
残次品,情况,1,-0.11886804062187112
女人,翻新,7,-0.12175395207605555
回应,偏差,4,-0.12406325069067964
质量,生产,7,-0.12429444917301942
符合,相关,3,-0.12429444917301942
健康,时,8,-0.1256478681805467
称,ABC,9,-0.12700001871046063
想,劣质,2,-0.12970052383281405
护垫,相关,2,-0.1353158552642713
权益,引发,2,-0.13541417502720773
劣质,引发,2,-0.13541417502720773
pH,情况,3,-0.13992965614970068
发现,行业,4,-0.14288324077603504
包装,卫生,3,-0.1446698602500493
产品,长度,61,-0.14557421090473233
健康,月经,3,-0.14666564944962962
发现,女人,2,-0.14726168128660935
女性,关注,33,-0.15133666444065239
价格,里,1,-0.15190229781577677
更,标准,22,-0.1544684289817563
商家,相关,3,-0.15494466201320387
回应,搜,3,-0.15785156414696322
产品,包装,13,-0.15910196542454666
没,一次性,3,-0.1597862500221055
一次性,纸尿裤,2,-0.1597862500221055
消费者,时,16,-0.16063185994074577
商家,包装,3,-0.1621044535860701
卖,残次品,1,-0.16326215998032464
更,信任,5,-0.16364785575615184
垫,卫生,4,-0.16417801913926328
劣质,女性,20,-0.16699906525578959
产品,生产,30,-0.16788371772070212
真的,ABC,12,-0.17194742476443528
更,钱,4,-0.17201132869077845
真的,级,3,-0.1736824761351829
abc,商家,4,-0.17631831280577093
说,视频,4,-0.1768597633810469
abc,女性,31,-0.17925019515788784
更,值,9,-0.1821679437269497
产品,称,15,-0.1831828541035846
护垫,级,2,-0.18470388222643494
客服,级,4,-0.18470388222643494
卫生,级,3,-0.1868980956393468
月,没,2,-0.18717213781718461
企业,微博,6,-0.18821512990689387
国家标准,时,5,-0.19228506121083702
产品,pH,26,-0.19437744017207714
网友,关注,4,-0.19461457868277623
点,更,3,-0.19681471969135103
年,质疑,1,-0.1990742268734762
企业,标准,20,-0.2036451704764998
做,没,3,-0.2043326889753674
事件,信任,2,-0.20586280366308984
行业,315,5,-0.20892440196934575
感觉,选择,1,-0.20919844414718347
点,曝光,2,-0.21330284247992012
行业,关注,4,-0.22116799772409287
客服,情况,3,-0.22122975825154892
质量,一次性,4,-0.22311218539093475
感觉,公司,1,-0.22369801384229857
行业,翻新,13,-0.22429071548199314
引发,影响,2,-0.23162949028651084
做,时,4,-0.23181342539747457
贵,发现,2,-0.23215057887312232
网友,接触,5,-0.2346920180581115
品牌,曝光,23,-0.2359338169794881
感觉,消毒,1,-0.2380533068193686
购买,中,3,-0.2401272842341834
发现,315,4,-0.24037108567809082
做,情况,2,-0.2408585650004814
公司,ABC,7,-0.24468303897163446
皮肤,影响,3,-0.24487399679600164
符合,中,5,-0.25197700211192703
说,年,2,-0.2522671660390695
关注,翻新,11,-0.2531021607552286
残次品,曝光,2,-0.2563715643718061
里,选择,1,-0.2576969618383736
女生,希望,1,-0.2578776035516112
产品,商家,20,-0.25878047299774376
国家标准,公司,3,-0.2602238898674125
晚会,希望,2,-0.26277640296445054
女,女性,10,-0.2632143805150926
行业,中,5,-0.2651926216160909
消费者,中,17,-0.27598590169009346
行业,晚会,4,-0.2759920224686143
称,消费者,11,-0.2770605349173524
ABC,视频,7,-0.28030694870235573
做,卫生,4,-0.2808742438483605
里,包装,1,-0.2865518245105586
发现,东西,2,-0.28873410723948983
标准,接触,14,-0.2903917827589446
称,pH,4,-0.2917073108817538
说,商家,6,-0.2917955302257069
更,卫生,7,-0.2919719527316912
发现,接触,4,-0.292692120808173
月,想,2,-0.29408734173369644
做,商家,4,-0.2983088371843813
中,消毒,3,-0.2984259247988503
贵,偷工减料,8,-0.2989600164887192
情况,翻新,6,-0.29975225405405004
女性,希望,17,-0.30724897727516187
里,视频,1,-0.3078204412642099
发现,ABC,9,-0.30971913236882564
产品,回应,24,-0.3098546575920131
残次品,中,2,-0.31263978401855125
里,产品,7,-0.3128385160308345
年,翻新,4,-0.3176741620513124
标准,影响,7,-0.3177979400995963
长度,质疑,8,-0.3191680723637821
环境,残次品,1,-0.3205019017915217
健康,东西,4,-0.32055955309488754
ABC,偏差,7,-0.3219260379040949
做,需求,11,-0.32213620903461565
称,时,3,-0.32614080794562766
月经,ABC,4,-0.32704500852910845
称,质疑,2,-0.3329299736082667
应,符合,13,-0.3336135085809394
回应,中,6,-0.3337013995463808
315,一次性,4,-0.3338156497971544
没,年,1,-0.33472932623104246
abc,女,1,-0.33609875684254004
值,网友,5,-0.3376492084059401
医用,钱,6,-0.34214104032015136
企业,回应,8,-0.3425432762981876
医用,消毒,7,-0.3433318740987737
真的,纸尿裤,2,-0.34360747757749527
纸尿裤,希望,1,-0.34360747757749527
里,买,2,-0.34601676482516
品牌,翻新,56,-0.34601878774527406
说,钱,3,-0.3470453907911694
称,网友,3,-0.3486482073551971
abc,长度,10,-0.349993198500921
引发,包装,2,-0.35068216193027424
生产,苏菲,2,-0.35110554177647213
称,年,1,-0.353107855545897
产品,误差,21,-0.35590723792272044
产品,值,22,-0.356608426291755
行业,没,3,-0.35682309708165927
时,网友,4,-0.35775041446244965
内裤,卫生用品,2,-0.36050075794038744
标准,客服,16,-0.36078111065034246
月,点,1,-0.36120153759223345
女,ABC,3,-0.3623780816413891
卖,生产,3,-0.36428093052420546
医用,视频,7,-0.3646004908524249
月,护理,2,-0.3666559676843415
女人,标准,6,-0.3673537645738286
值,选择,3,-0.368581067957831
质量,时,4,-0.37108821399960235
搜,情况,1,-0.3712552022561565
说,医用,15,-0.3734872771874961
翻新,买,15,-0.37357248734572135
商家,没,3,-0.3742576904176799
里,信任,1,-0.3765331913482242
信任,月经,1,-0.3765331913482242
官方,做,2,-0.3783620887504164
标准,购买,7,-0.37855197117869266
引发,市场,3,-0.37897120636169784
产品,希望,9,-0.3801333536026093
月,长度,7,-0.38443384382995044
说,做,5,-0.38490493461718833
内裤,皮肤,3,-0.3851952851934163
产品,消费者,62,-0.38540569059918994
说,品牌,26,-0.3875269956495431
品牌,网友,19,-0.3875269956495431
女人,时,2,-0.3886822740143404
值,相关,3,-0.39027613905715
值,消毒,3,-0.39743593063001614
质量,搜,2,-0.3980552615998717
真的,搜,2,-0.3980552615998717
搜,希望,1,-0.3980552615998717
引发,更,5,-0.39844858086100154
pH,皮肤,6,-0.39920214318729547
产品,消毒,11,-0.40011006492834156
标准,中,13,-0.4012541711921194
误差,质疑,3,-0.40611868387648814
质量,符合,4,-0.40693341294632457
真的,希望,2,-0.40693341294632457
月,垫,2,-0.40956455915363255
里,品牌,7,-0.4115724696161941
点,包装,1,-0.4120827065944176
长度,关注,10,-0.41227747675526355
女性,影响,18,-0.4152174739601426
里,说,2,-0.4162429011501954
说,月经,2,-0.4162429011501954
内裤,值,3,-0.4187045473836674
引发,时,3,-0.42039113374167864
女生,接触,2,-0.4209021030879133
需求,钱,6,-0.4217801889585316
发现,公司,2,-0.4247956568155182
ABC,买,13,-0.4254184761798177
健康,女生,3,-0.4274747570113996
回应,更,8,-0.4308700585533791
卫生用品,年,1,-0.4359081605984099
商家,希望,2,-0.437583625786509
官方,市场,2,-0.44037175102584125
引发,信任,2,-0.44066352876793985
想,年,1,-0.44164453014755434
品牌,时,18,-0.4430221082412466
说,翻新,15,-0.44379862367075684
微博,医用,9,-0.4466716237914582
女,医用,3,-0.4466716237914582
点,回应,2,-0.44735818134194805
回应,元,1,-0.44735818134194805
行业,ABC,10,-0.44819745010239287
女生,影响,1,-0.4483082604285652
女生,需求,5,-0.44985871199196503
卖,ABC,5,-0.4525758906129672
女人,ABC,5,-0.4525758906129672
回应,消费者,17,-0.4537730209053762
abc,包装,2,-0.4551514284863036
残次品,包装,1,-0.4551514284863036
女生,误差,2,-0.4560439092081705
质量,引发,3,-0.4562363326884008
关注,购买,2,-0.45913706617597916
应,皮肤,14,-0.4591707323583071
说,误差,6,-0.4593116230420813
pH,相关,3,-0.46905325244126705
品牌,选择,11,-0.4699891558415161
没,ABC,7,-0.47119156878031426
点,买,2,-0.47154764690901885
元,买,1,-0.47154764690901885
长度,做,10,-0.4719837228795314
更,质疑,4,-0.472092721279892
做,消费者,12,-0.47223976956418395
健康,引发,5,-0.47383039270313904
一次性,购买,2,-0.47429687334698484
质量,品牌,18,-0.47886730718796877
卫生,导致,2,-0.4808118143571125
月经,翻新,4,-0.4816498971624383
搜,钱,1,-0.4839553350055187
更,事件,4,-0.485575950643514
劣质,搜,1,-0.49227060321752236
更,年,2,-0.49227060321752236
想,应,9,-0.4926799945485581
企业,产品,25,-0.49705322535381236
没,月经,1,-0.49870506134216847
做,一次性,3,-0.4988748960676507
女生,品牌,8,-0.499736499235568
包装,买,3,-0.500402509581204
发现,偏差,2,-0.5020386557479786
点,女性,12,-0.5054152829317209
商家,标准,11,-0.5059407994831341
行业,钱,2,-0.5060491058561354
产品,选择,10,-0.5087587260060914
搜,曝光,2,-0.5087587260060914
搜,315,2,-0.5087587260060914
护垫,值,3,-0.5140115074793947
护理,年,1,-0.5142131560981994
发现,质疑,2,-0.5156490872666317
价格,纸尿裤,1,-0.5184412794034307
健康,更,10,-0.5187428145787133
贵,卫生,2,-0.5226319900517398
产品,公司,10,-0.5232582957012065
企业,曝光,6,-0.5235254367150036
说,更,8,-0.5252856604454854
月,做,2,-0.5262607838627299
发现,事件,2,-0.5291323166302537
官方,行业,2,-0.5308524968567081
残次品,质疑,1,-0.5316495659603471
权益,商家,2,-0.5317989674041599
一次性,消毒,2,-0.5325955139116518
影响,纸尿裤,1,-0.5340381344544491
应,消毒,7,-0.5361816331851446
企业,做,5,-0.5365815895404499
国家标准,网友,4,-0.536720555507769
卖,医用,5,-0.5368694327630363
女人,医用,5,-0.5368694327630363
女生,选择,1,-0.5385060694001433
女,标准,3,-0.5401903614360444
回应,曝光,5,-0.5404675857334293
点,说,2,-0.5417737832340542
abc,事件,2,-0.5451327953239691
消费者,ABC,32,-0.5464535714267349
商家,曝光,4,-0.5482870901927286
商家,315,4,-0.5482870901927286
客服,相关,3,-0.5503533545431153
公司,医用,6,-0.5513690024581515
卫生用品,没,2,-0.551385378018346
女生,公司,1,-0.5530056390952584
卫生用品,曝光,3,-0.5554897763510824
发现,护垫,2,-0.5557265266419669
企业,国家标准,6,-0.5559469144073809
ABC,关注,8,-0.5579288907591959
品牌,买,22,-0.5583089588283024
关注,级,2,-0.5596639421299436
产品,卫生,16,-0.5632739745490856
质量,东西,2,-0.5659998989139432
垃圾,包装,1,-0.5673609320723284
垃圾,消毒,1,-0.5673609320723284
成本,公司,7,-0.5683461852297444
环境,网友,2,-0.5684294152351071
称,卫生用品,2,-0.5697639073332005
情况,影响,1,-0.5705640104795631
abc,护垫,2,-0.5717270053356821
皮肤,纸尿裤,2,-0.5760799052713748
健康,希望,3,-0.5765305664061127
做,消毒,2,-0.577141952864914
ABC,年,3,-0.5781067726968261
健康,abc,5,-0.5782996592591683
健康,翻新,17,-0.5786116270495264
吸收,劣质,1,-0.5786853550349956
企业,中,6,-0.5797936563617486
购买,市场,2,-0.5808529745756715
环境,希望,1,-0.5817672147722598
企业,健康,9,-0.582419125768572
企业,环境,3,-0.5876557741347191
选择,女性,17,-0.5878774431236938
官方,品牌,9,-0.5895707715941886
贵,女性,15,-0.590304180518234
护垫,pH,3,-0.5927886208635117
产品,垃圾,7,-0.5936476235926044
健康,女人,3,-0.594124626420851
健康,医用,16,-0.595763121816605
生产,网友,5,-0.5963834768061085
ABC,中,10,-0.6019535146511938
消费者,年,4,-0.602636406819859
企业,影响,3,-0.6032526291857377
做,市场,3,-0.6054309972963374
感觉,更,2,-0.6077478206374585
质量,消费者,12,-0.611514558166312
做,女性,25,-0.6115808401486487
卫生用品,中,3,-0.6117579959978277
权益,官方,1,-0.611852218970195
权益,315,2,-0.611852218970195
权益,曝光,2,-0.611852218970195
价格,商家,2,-0.6124174276124443
年,关注,1,-0.6141117261523199
行业,误差,4,-0.6183153381070474
贵,官方,1,-0.6201198349537953
商家,翻新,10,-0.6202369320717437
说,微博,4,-0.6215009757047883
卖,偷工减料,6,-0.62910861818105
产品,网友,15,-0.6298299598992505
接触,导致,2,-0.6306206943892507
说,偷工减料,16,-0.635651464047822
值,时,4,-0.637069903883733
公司,纸尿裤,1,-0.6387355131211423
商家,生产,5,-0.6403714891834458
商家,偷工减料,12,-0.6421647710064964
价格,导致,1,-0.642429996678884
点,称,1,-0.6426144727408819
更,买,7,-0.6477046020628457
公司,口碑,7,-0.6492661806133119
发现,感觉,1,-0.651304186624198
一次性,卫生,3,-0.6513653041739424
产品,ABC,38,-0.6521073541406031
皮肤,卫生,4,-0.6526214601443678
发现,曝光,3,-0.6554085849569344
更,月经,2,-0.6562463383286483
垃圾,事件,1,-0.657342298909994
卫生用品,想,2,-0.6583005819348579
吸收,环境,1,-0.6593038152432802
东西,更,3,-0.660215240531594
选择,情况,1,-0.6607618194511414
月,希望,1,-0.6655355724648576
公司,时,2,-0.6662162495432494
没,残次品,1,-0.6673046653179133
月,企业,3,-0.6714241318273169
说,标准,13,-0.6734568922995084
做,年,1,-0.6738179722765877
企业,符合,5,-0.6758563781425775
官方,东西,1,-0.6767033633201628
时,消毒,2,-0.6805715425203194
影响,钱,1,-0.6832641432289255
劣质,翻新,5,-0.6838020608492098
说,接触,5,-0.6872042227556182
真的,选择,2,-0.6875618787948564
发现,国家标准,3,-0.6878300626493121
商家,购买,2,-0.6887683137425593
消费者,相关,7,-0.691445673777715
价格,官方,1,-0.6924706791784796
官方,环境,1,-0.6924706791784796
说,口碑,15,-0.6937768766791043
生产,级,3,-0.6983984344194818
里,发现,1,-0.6998027043153879
选择,卫生,2,-0.7007774982990205
做,品牌,14,-0.7021625979705493
女人,选择,1,-0.7051559388095948
微博,曝光,3,-0.7080675342294979
质量,相关,2,-0.7092569498941756
产品,做,13,-0.7103438483017016
卫生用品,值,3,-0.7107680018289932
发现,中,3,-0.7116768046036798
说,成本,14,-0.7123925548464513
想,更,4,-0.7146630245539703
时,女性,25,-0.7150104298040543
质疑,市场,2,-0.715649752614382
产品,情况,7,-0.7159033736436023
吸收,皮肤,2,-0.7169424411112244
生产,曝光,5,-0.7204247407494809
引发,值,3,-0.7222180225725316
时,级,2,-0.7227997779096169
产品,品牌,67,-0.7258280602711058
女人,相关,1,-0.7268510099089138
标准,时,9,-0.7289520048912121
产品,级,9,-0.7318449175126238
更,皮肤,6,-0.7336211822578548
ABC,相关,5,-0.7373053675460801
里,ABC,3,-0.742082507807952
发现,误差,3,-0.742871426207274
事件,纸尿裤,1,-0.743072172935878
信任,纸尿裤,1,-0.743072172935878
时,偏差,2,-0.7434592484757098
企业,视频,3,-0.7435739175831524
购买,钱,1,-0.7440181743080216
搜,ABC,4,-0.7480317741391386
东西,翻新,5,-0.7486532051991777
价格,中,2,-0.7487388988252247
标准,一次性,8,-0.750900977724857
真的,pH,4,-0.751692216214572
真的,回应,4,-0.751692216214572
内裤,卖,1,-0.7552794182354312
翻新,中,10,-0.7565584032845238
行业,市场,3,-0.7579214054026292
月,权益,1,-0.7597509140825083
接触,影响,2,-0.7603885693595802
称,一次性,2,-0.7631272800581161
质量,更,5,-0.7641831603977691
真的,更,5,-0.7641831603977691
影响,中,2,-0.7643357538762433
质量,标准,9,-0.7647972038379344
真的,标准,9,-0.7647972038379344
情况,质疑,1,-0.7661148195973699
官方,购买,1,-0.7688215653085944
护垫,纸尿裤,1,-0.769666382947591
搜,偏差,1,-0.7704262960759792
信任,时,2,-0.770552909357985
品牌,公司,9,-0.773995342731616
月,315,2,-0.7762390368710773
女人,级,1,-0.7762390368710773
里,关注,1,-0.7780874612634461
品牌,纸尿裤,7,-0.7781114512038477
符合,偏差,2,-0.7793044474224319
垃圾,没,1,-0.7795141689039382
事件,情况,1,-0.7795980489609919
权益,选择,1,-0.7817772204125073
说,生产,6,-0.7858612756698212
商家,成本,10,-0.7892951896965236
卫生用品,pH,3,-0.7895451152131103
质量,质疑,2,-0.792914878941085
做,曝光,3,-0.7933995880292604
劣质,公司,1,-0.7962767901076224
回应,翻新,11,-0.7968419987498717
事件,搜,1,-0.7975199569582544
年,女性,8,-0.8008711664578924
引发,pH,3,-0.8009951359566485
称,晚会,2,-0.802791497631632
长度,更,14,-0.8050095266502243
商家,买,4,-0.8065318946218275
质量,网友,3,-0.8086331126880157
权益,包装,1,-0.8106320830846924
质量,年,1,-0.8130927608787156
导致,级,1,-0.8193077587629634
客服,网友,4,-0.8196545187792676
引发,品牌,11,-0.8236261104562166
护垫,搜,1,-0.8241141669699674
健康,购买,3,-0.8277152543621628
月,接触,2,-0.8285600720011596
里,晚会,1,-0.8329114860079674
真的,护垫,2,-0.8329923183164203
产品,劣质,7,-0.8369187746049683
说,搜,2,-0.8372296667602258
里,做,1,-0.8377937073877137
做,月经,1,-0.8377937073877137
品牌,女,4,-0.8392229655072349
行业,苏菲,1,-0.8396052029963371
质量,说,4,-0.8461078181066786
东西,选择,1,-0.846628364762475
偷工减料,情况,5,-0.8477489046563904
消费者,情况,5,-0.8477489046563904
月,翻新,5,-0.8481888787500923
官方,视频,1,-0.8483888226269126
315,视频,2,-0.8483888226269126
企业,女生,2,-0.8487286636352268
没,市场,2,-0.8513048519719485
企业,说,6,-0.8519963774691378
行业,口碑,10,-0.8527805917440704
产品,官方,7,-0.8534068973935374
行业,品牌,14,-0.8546530060768411
卖,口碑,5,-0.8571590322546446
护垫,ABC,5,-0.861040735968325
回应,315,4,-0.862395680620792
品牌,关注,12,-0.8648487731827296
消费者,买,13,-0.8649856095816945
品牌,更,22,-0.8685385323317909
说,pH,5,-0.868938526487564
长度,没,6,-0.8698606710001923
吸收,质疑,1,-0.8704514794121054
健康,公司,3,-0.8716586019497599
护垫,应,6,-0.8751496313709712
中,相关,2,-0.8762286339471406
应,卫生,9,-0.8773438447838833
吸收,事件,1,-0.8839347087757274
环境,相关,1,-0.8840907517201108
选择,误差,2,-0.8857281844514157
健康,消毒,3,-0.8860138949268299
卫生用品,做,2,-0.890474024063891
引发,女生,1,-0.8921430240148438
感觉,时,1,-0.8927247793519293
网友,翻新,8,-0.8981770145817687
劣质,事件,1,-0.9006134499223578
值,一次性,3,-0.9041313745539091
需求,月经,3,-0.9060151985964013
长度,公司,5,-0.9063865470253063
内裤,环境,1,-0.9125191600466284
感觉,网友,1,-0.9152321787614988
长度,消费者,28,-0.9153753302525607
事件,315,2,-0.9171015727109267
产品,环境,7,-0.917537234813253
东西,级,1,-0.9177114628239578
曝光,网友,3,-0.9193365770942353
315,网友,3,-0.9193365770942353
没,搜,1,-0.9196918269521986
消费者,包装,6,-0.920997886687029
abc,微博,2,-0.9210612575636964
接触,级,2,-0.921669476392641
消费者,客服,13,-0.9220962461164718
说,吸收,2,-0.9236444185776989
更,接触,5,-0.927207659934071
健康,级,3,-0.9282421303161273
标准,关注,7,-0.928386248496247
质量,感觉,1,-0.9285699782986514
质量,没,2,-0.9285699782986514
没,希望,1,-0.9285699782986514
月,值,2,-0.9315172623489884
真的,315,3,-0.9326743766313881
真的,曝光,3,-0.9326743766313881
abc,偷工减料,8,-0.93521174590673
真的,女性,22,-0.935280199888204
内裤,标准,5,-0.9435460556672526
时,接触,3,-0.9491502128147481
健康,315,5,-0.9502684366461263
环境,买,2,-0.9507154836075784
品牌,相关,8,-0.9511158455781321
长度,回应,10,-0.9560173147499068
购买,相关,1,-0.9604416378502255
月,公司,1,-0.9606636080085048
引发,翻新,6,-0.9608177338609977
应,购买,5,-0.9633098197907195
影响,买,2,-0.9663123386585969
回应,关注,3,-0.9677486807670204
东西,女性,12,-0.9688158037719639
信任,中,2,-0.9733697923576721
质量,里,1,-0.9770684959898414
里,真的,1,-0.9770684959898414
发现,女生,1,-0.9806118118771578
环境,信任,1,-0.9812319101306425
产品,健康,20,-0.9826899143385036
健康,国家标准,5,-0.9826899143385036
pH,一次性,3,-0.9829084879380263
微博,关注,2,-0.983345535818039
影响,质疑,1,-0.983345535818039
说,发现,3,-0.9838795257110691
偷工减料,偏差,6,-0.9838855926424193
发现,晚会,2,-0.985510611289997
做,标准,7,-0.9880924946205146
选择,相关,1,-0.9898854157427076
里,行业,1,-0.9902841154940052
里,卫生,1,-0.9902841154940052
行业,月经,1,-0.9902841154940052
月经,卫生,1,-0.9902841154940052
卫生用品,时,2,-0.9939036137192966
标准,导致,4,-0.9953849871868709
月,内裤,1,-0.9962875177392262
abc,女生,1,-0.9966122905708733
选择,包装,1,-0.9970452073155738
企业,希望,2,-0.9977844730299401
医用,时,7,-0.9980033466313344
接触,卫生,3,-0.9982110312656343
护垫,中,2,-0.9999640023693852
客服,中,4,-0.9999640023693852
女,正视,2,-1.0018526647711556
卫生用品,情况,1,-1.0029487533223036
说,垫,3,-1.005174304074297
abc,做,2,-1.0063933113634584
做,残次品,1,-1.0063933113634584
里,商家,1,-1.007718708830026
吸收,生产,2,-1.0091859717016438
月,pH,2,-1.0102943757331053
公司,包装,1,-1.011544777010689
说,中,4,-1.0130795021596433
消费者,网友,9,-1.013214257908003
企业,卖,2,-1.0153785330446783
月,级,1,-1.017247136374872
皮肤,时,3,-1.0185981409723257
偷工减料,ABC,23,-1.022891615369722
贵,需求,4,-1.0233255738752918
说,女性,28,-1.0265313016282511
翻新,市场,7,-1.0268947657346144
公司,视频,1,-1.0328133937643402
质量,医用,7,-1.0338485455780564
质量,应,8,-1.0340532267220315
质量,想,2,-1.0354851822151634
生产,客服,5,-1.035780181713357
品牌,情况,6,-1.0370297485654099
女性,中,23,-1.0381215465214533
企业,想,3,-1.0413737415776227
值,买,4,-1.0418633716657737
官方,生产,2,-1.0423528356368432
产品,一次性,10,-1.0443090326021696
内裤,包装,1,-1.0471686867414103
视频,消毒,1,-1.0471686867414103
垃圾,消费者,4,-1.0474212494927548
环境,消费者,5,-1.0493827658260408
更,时,4,-1.0502660563384092
说,长度,10,-1.0504329166420132
月,质疑,1,-1.0515170384596184
引发,卫生,2,-1.054414452913721
真的,皮肤,3,-1.0544433399190478
品牌,年,4,-1.0549516565626722
称,315,2,-1.0576519720197257
更,情况,2,-1.059311195941416
更,压缩,12,-1.0623136841029397
客服,一次性,3,-1.0642085900398743
abc,品牌,10,-1.0655989007621807
发现,生产,3,-1.0694210788350138
引发,商家,2,-1.0718490462497416
发现,标准,6,-1.072493912884637
偷工减料,误差,10,-1.0727152696566649
更,网友,4,-1.0727734557479787
国家标准,标准,8,-1.0778471473788438
长度,偷工减料,25,-1.0788740625354403
东西,需求,4,-1.0799091022416591
护理,情况,1,-1.0812537488220932
品牌,口碑,40,-1.0814238679238632
说,压缩,10,-1.0853446527582804
里,曝光,1,-1.0877719603960612
视频,级,1,-1.0893969221307076
卫生用品,导致,1,-1.0904115945726431
感觉,接触,1,-1.0915944778349536
企业,更,6,-1.0919998146475907
没,中,2,-1.0955416623516163
环境,需求,4,-1.095676418099976
健康,纸尿裤,2,-1.0981671317584396
卖,成本,4,-1.0981671317584396
女人,成本,4,-1.0981671317584396
行业,更,4,-1.0993268747892952
事件,公司,1,-1.1015261438483543
点,真的,1,-1.1025993780737002
价格,生产,2,-1.1064831730565587
内裤,买,2,-1.1066336270560115
事件,相关,1,-1.1087216452525583
信任,相关,1,-1.1087216452525583
pH,更,5,-1.1089419636660167
没,女性,14,-1.108993461820224
价格,标准,4,-1.1095560071061819
女,需求,2,-1.1112732731509944
产品,买,14,-1.111651701822636
长度,ABC,18,-1.113238117465976
企业,护理,3,-1.1139423675282678
标准,ABC,18,-1.1147737163772011
卫生用品,钱,1,-1.1156488860716658
做,医用,6,-1.1169661783123765
ABC,口碑,21,-1.1191521568877756
微博,生产,3,-1.1220800281075773
女,生产,1,-1.1220800281075773
权益,卫生用品,1,-1.1239641542836698
品牌,导致,6,-1.1244925898157492
买,级,2,-1.1275932456916575
abc,消费者,7,-1.1278568238491258
质量,发现,2,-1.129667621271871
pH,时,3,-1.1308845165466939
更,翻新,11,-1.131261037820431
标准,误差,8,-1.1328885109368059
点,商家,1,-1.1332495909138849
没,标准,5,-1.1344306757452112
健康,情况,2,-1.1346930077835538
需求,关注,6,-1.136899080826489
内裤,信任,1,-1.1371500535790757
曝光,消费者,9,-1.1372555218513754
月经,接触,1,-1.1400929955261434
口碑,相关,5,-1.1418885091877575
医用,相关,4,-1.1435270045835115
质量,残次品,1,-1.1456680999655862
abc,符合,2,-1.1456680999655862
abc,希望,1,-1.1456680999655862
符合,残次品,1,-1.1456680999655862
一次性,市场,2,-1.1458470590642316
卖,发现,1,-1.1472616812866094
想,医用,5,-1.147827142017137
引发,曝光,2,-1.1519022978157767
说,消毒,2,-1.1555911466273956
pH,年,1,-1.157851564146963
女,压缩,2,-1.1585289993622427
abc,行业,2,-1.1588837194697503
abc,卫生,2,-1.1588837194697503
感觉,皮肤,1,-1.161042405992531
没,皮肤,2,-1.161042405992531
abc,女人,1,-1.1632621599803246
abc,卖,1,-1.1632621599803246
质量,pH,3,-1.166729715493416
标准,皮肤,8,-1.1671946329741263
卖,垫,1,-1.1685564596498375
产品,客服,14,-1.1687623383574135
国家标准,消费者,9,-1.1696769995437528
回应,苏菲,1,-1.1711483867604209
时,关注,2,-1.1721071792732067
产品,卫生用品,8,-1.172873754764616
女人,口碑,4,-1.1790871271420071
劣质,更,2,-1.180326596902782
真的,微博,2,-1.1823265705444346
成本,ABC,19,-1.1826220708393829
品牌,晚会,10,-1.1827072037610449
说,需求,9,-1.1900920199920824
发现,导致,1,-1.1903304031784951
没,值,2,-1.1945516681827821
商家,回应,3,-1.1973799283336006
长度,值,8,-1.199168296253152
做,纸尿裤,1,-1.2043326889753674
关注,希望,1,-1.207952378219929
环境,想,1,-1.2103189840410988
卖,消费者,4,-1.2140711189022062
健康,需求,11,-1.2159706518176876
环境,引发,1,-1.2160326352354922
垃圾,时,1,-1.2220324046048892
一次性,希望,1,-1.2231121853909348
消费者,误差,9,-1.2247183631017147
希望,正视,3,-1.2264595071730457
ABC,导致,3,-1.2326102066710596
长度,相关,4,-1.2355101433168725
接触,女性,20,-1.235808223174441
没,包装,1,-1.2380533068193686
健康,吸收,2,-1.2390296675982893
企业,品牌,16,-1.2396433687138968
abc,更,3,-1.2398834415832372
卖,一次性,1,-1.240706245405673
生产,包装,2,-1.2411326997513406
卖,女性,9,-1.242380877097927
垃圾,网友,1,-1.2445398040144586
说,事件,2,-1.2455725134650613
产品,元,2,-1.2457243201722976
医用,年,2,-1.2473628155680516
贵,abc,1,-1.2481510575668375
搜,晚会,1,-1.2538982516179977
做,网友,2,-1.254320824807044
abc,官方,1,-1.256371564371806
质量,女生,1,-1.2578776035516113
女生,符合,1,-1.2578776035516113
没,视频,1,-1.25932192357302
生产,视频,2,-1.2624013165049919
贵,口碑,4,-1.26397602472852
贵,健康,2,-1.26397602472852
做,希望,1,-1.2676586243441967
成本,女,2,-1.2710037286206552
说,客服,4,-1.2721667234767742
pH,没,2,-1.2733287815668992
引发,皮肤,2,-1.2736712611034366
说,卫生,3,-1.2743609368896862
权益,微博,1,-1.2765419121620853
更,女,1,-1.2765419121620853
更,影响,2,-1.2765419121620853
想,品牌,8,-1.27734407789912
称,视频,1,-1.2777004528878746
消费者,钱,4,-1.2823771322931152
成本,行业,7,-1.2864337691902612
标准,纸尿裤,3,-1.2864337691902612
月,卫生用品,1,-1.288350972184552
垃圾,商家,1,-1.288527816391796
商家,女生,1,-1.288527816391796
产品,abc,8,-1.2887930420641835
引发,购买,1,-1.2923835213656072
微博,315,2,-1.293030034950654
商家,晚会,2,-1.2934266158046352
关注,钱,1,-1.293852451625576
应,女生,3,-1.3000349166061622
曝光,买,3,-1.3016226454667066
消费者,315,8,-1.3071805232936877
残次品,接触,1,-1.3086925995018883
生产,时,3,-1.3108416715627451
没,质疑,1,-1.314551444293412
国家标准,ABC,6,-1.3150723668630324
想,选择,1,-1.3161136480636955
网友,市场,2,-1.3163304870824688
劣质,一次性,1,-1.3173275270085856
标准,质疑,4,-1.3207036712750073
长度,情况,3,-1.32142404630415
卫生用品,公司,1,-1.324876848209666
翻新,希望,3,-1.3265523133977652
真的,品牌,10,-1.3268642137429187
事件,没,1,-1.328034673657034
内裤,企业,2,-1.3285364183043085
贵,正视,3,-1.328942464774297
符合,市场,2,-1.3296682866196214
网友,纸尿裤,1,-1.3302696780403425
贵,产品,5,-1.3306132177588104
月,女性,10,-1.331385883156672
pH,中,3,-1.333701399546381
需求,希望,3,-1.3358801155528846
商家,女性,17,-1.3378991901153463
月,成本,4,-1.3391752312622345
卫生用品,消毒,1,-1.339232141186736
翻新,卫生,6,-1.3397679329019292
标准,年,2,-1.3408815532126377
企业,需求,9,-1.341768674915344
引发,相关,1,-1.3435223703574082
时,情况,1,-1.3442881546558871
想,消毒,1,-1.3449685107358804
想,包装,1,-1.3449685107358804
生产,符合,3,-1.3466868705094672
质量,长度,6,-1.3482241056478652
企业,级,2,-1.3494960369399547
做,正视,5,-1.3502191244047117
女,口碑,2,-1.3519237240042226
ABC,女性,42,-1.3523709082860078
女人,需求,3,-1.3534741755676225
感觉,客服,1,-1.3546288836687472
行业,纸尿裤,1,-1.3568230970816593
纸尿裤,卫生,1,-1.3568230970816593
环境,微博,1,-1.3571603723703698
护理,购买,1,-1.3592384961218587
口碑,买,9,-1.3605163345202749
做,更,3,-1.3618739659618475
品牌,生产,14,-1.366153344856976
情况,网友,1,-1.3667955540654566
东西,关注,1,-1.3670188641875476
健康,标准,10,-1.3673537645738287
卖,标准,3,-1.3673537645738287
信任,压缩,4,-1.3675630378436716
女生,315,1,-1.368581067957831
符合,时,2,-1.3710882139996023
说,曝光,3,-1.371848781791742
引发,视频,1,-1.3719507786839256
卫生用品,回应,2,-1.3745076159342666
关注,中,2,-1.3749240622728938
女性,相关,10,-1.3751072605859898
做,315,2,-1.3783620887504164
皮肤,女性,19,-1.3792567327757952
发现,购买,1,-1.3808523092279212
价格,关注,1,-1.3827861800458643
产品,苏菲,3,-1.3845520248696144
abc,压缩,5,-1.3849049346171882
东西,正视,3,-1.3855259931406645
偷工减料,女,2,-1.3869077157644218
月,发现,1,-1.3882697807904043
护理,选择,1,-1.3886822740143405
说,ABC,7,-1.3887294085883415
一次性,中,2,-1.3900838694438997
导致,市场,1,-1.3903310685262456
符合,网友,2,-1.3935956134091718
品牌,偷工减料,33,-1.3939418352129713
需求,导致,3,-1.3965428974595087
环境,一次性,1,-1.39794598721687
价格,女性,9,-1.399620618909124
国家标准,女生,1,-1.4010025456502084
客服,月经,1,-1.4031274013599373
企业,年,1,-1.403943820962331
应,偏差,4,-1.406424261198139
行业,网友,2,-1.4068112329133358
质量,希望,1,-1.4069334129463245
女性,市场,15,-1.4105560965902797
商家,情况,1,-1.410783566442794
行业,搜,1,-1.4112708811040355
钱,市场,1,-1.4155683600252686
月,口碑,4,-1.420095226645802
真的,行业,2,-1.4201490324504884
符合,卫生,2,-1.4201490324504884
希望,卫生,1,-1.4201490324504884
贵,翻新,3,-1.4290352709990166
卫生用品,事件,1,-1.4292135080244015
卫生用品,信任,1,-1.4292135080244015
生产,翻新,8,-1.4362307724032204
成本,更,10,-1.4378228191951459
女生,女性,7,-1.4383010870731838
女性,翻新,44,-1.439861601060801
月,微博,1,-1.4409287300629676
成本,买,8,-1.44952134057902
商家,行业,2,-1.4507992452906728
晚会,影响,1,-1.4532070598414044
护理,ABC,4,-1.4580303207050753
护理,级,1,-1.459765372075823
内裤,发现,1,-1.4604195665462396
晚会,消费者,6,-1.4673575481844379
符合,导致,1,-1.4675961948529488
国家标准,品牌,10,-1.4699891558415161
abc,视频,1,-1.4764200452399547
月,一次性,1,-1.4817143449094679
官方,时,1,-1.4817916784058218
需求,买,7,-1.482435963051755
吸收,真的,1,-1.4844700134173447
劣质,网友,1,-1.4878109550268224
女生,消费品,2,-1.4884653869005477
选择,关注,1,-1.488580844068461
垃圾,皮肤,1,-1.490350031245491
曝光,情况,1,-1.490836818008829
质量,钱,1,-1.4928334863519714
真的,钱,1,-1.4928334863519714
说,皮肤,3,-1.4936177450794017
贵,网友,1,-1.4960785710104232
卫生用品,消费者,5,-1.4973643637198
abc,成本,5,-1.497379663875601
发现,买,2,-1.4986158901071895
行业,女性,15,-1.5010368424211467
质量,权益,1,-1.5011487545639752
权益,真的,1,-1.5011487545639752
价格,品牌,5,-1.5016980155688542
垫,级,1,-1.502673963545114
公司,关注,1,-1.503080413763576
标准,月经,2,-1.5048572883237636
卫生,钱,1,-1.5060491058561354
接触,纸尿裤,1,-1.5066319771137973
商家,品牌,9,-1.5095175200281534
关注,相关,1,-1.51027591516778
晚会,购买,1,-1.5139610909205006
月,医用,3,-1.5148431264330375
长度,中,6,-1.5151957897008301
质量,曝光,2,-1.5176368773525442
公司,一次性,1,-1.5182402209345818
企业,没,2,-1.5194210383822668
影响,市场,1,-1.5200989434965753
月,晚会,1,-1.5213785624829836
需求,市场,5,-1.5216493950599752
企业,长度,8,-1.524037666452637
一次性,相关,1,-1.5254357223387858
微博,回应,2,-1.5270853738126822
说,值,3,-1.527127007269653
行业,医用,5,-1.532490992252462
一次性,包装,1,-1.5325955139116518
微博,级,1,-1.5340381344544491
卖,315,1,-1.5352309373672823
女人,曝光,1,-1.5352309373672823
女人,315,1,-1.5352309373672823
时,中,2,-1.538059898052567
回应,偷工减料,8,-1.5412358621557158
护理,品牌,7,-1.5425577817921612
产品,关注,7,-1.543722398260922
消费者,纸尿裤,3,-1.5481886227974826
做,选择,1,-1.5482870901927286
商家,医用,5,-1.5499255855884828
质量,国家标准,2,-1.5500583550449216
abc,正视,4,-1.5501566949134638
更,女性,23,-1.5503277048072954
更,偷工减料,10,-1.5537268063389127
想,没,1,-1.5571217475674903
健康,事件,2,-1.5609577624856517
健康,信任,2,-1.5609577624856517
应,标准,16,-1.5618420190559537
做,公司,1,-1.5627866598878437
国家标准,行业,2,-1.5632739745490856
国家标准,卫生,2,-1.5632739745490856
发现,医用,4,-1.5639376759612071
发现,品牌,7,-1.5641715948982235
引发,生产,2,-1.565914791693856
健康,年,1,-1.5676524150596598
回应,一次性,2,-1.5678709886591824
引发,标准,4,-1.5689876257434792
长度,时,5,-1.5754133125349368
质量,口碑,6,-1.5765305664061127
国家标准,商家,2,-1.5807085678851063
健康,苏菲,1,-1.5809492376731176
称,引发,1,-1.5812139280767386
环境,符合,1,-1.58176721477226
说,残次品,1,-1.5848425051259403
感觉,品牌,3,-1.585466373261452
品牌,315,9,-1.5895707715941887
晚会,视频,1,-1.593528348238819
健康,口碑,10,-1.5941246264208508
价格,卫生,1,-1.5949828342764238
环境,行业,1,-1.5949828342764238
东西,商家,1,-1.5966501117541279
贵,成本,3,-1.5980935286237965
真的,需求,5,-1.5989145213866782
产品,引发,6,-1.599361274786998
标准,女性,40,-1.6005725159720612
质量,误差,2,-1.6050997186028835
信任,关注,1,-1.6074170735783115
护垫,微博,1,-1.6083854759145304
值,纸尿裤,1,-1.6095891674616258
更,生产,4,-1.6108272135694304
劣质,315,1,-1.611852218970195
更,曝光,3,-1.611852218970195
环境,商家,1,-1.6124174276124443
微博,口碑,5,-1.6149581298380167
偷工减料,苏菲,2,-1.6159332294333169
点,需求,2,-1.6165085814014166
企业,偷工减料,9,-1.617403117528771
做,ABC,4,-1.6176351368834636
ABC,压缩,13,-1.6176351368834636
做,级,1,-1.6193701882542113
事件,一次性,1,-1.6225768807493175
信任,一次性,1,-1.6225768807493175
公司,市场,1,-1.6247963221632686
品牌,压缩,24,-1.6249947374480893
垃圾,买,1,-1.6268258723869298
产品,吸收,4,-1.6275949555159421
吸收,国家标准,1,-1.6275949555159421
官方,曝光,1,-1.6283403417587639
官方,315,1,-1.6283403417587639
搜,皮肤,1,-1.630527689293751
中,导致,1,-1.6345678789059135
商家,误差,2,-1.6357499314430681
产品,钱,4,-1.6359584284505688
偷工减料,标准,17,-1.6368030099710509
标准,需求,14,-1.6412764865503586
医用,关注,4,-1.642222432909265
产品,更,12,-1.6442736966625724
产品,权益,4,-1.6442736966625724
劣质,国家标准,1,-1.6442736966625724
网友,购买,1,-1.6447803013652218
品牌,希望,4,-1.6487923086302811
月,网友,1,-1.6521977729277049
事件,医用,3,-1.6557056622728872
接触,钱,1,-1.6558579858882736
发现,女性,11,-1.6580144082137505
质量,购买,1,-1.6581181009023747
标准,包装,3,-1.6592430330798078
视频,市场,1,-1.66042023189399
卫生用品,引发,1,-1.6640142331292516
权益,接触,1,-1.6641732541002772
质量,月,1,-1.6655355724648575
月,符合,1,-1.6655355724648575
卖,品牌,4,-1.6663863686450193
女人,品牌,4,-1.6663863686450193
权益,中,1,-1.6681204386169401
权益,口碑,3,-1.6707459080237634
更,口碑,9,-1.6707459080237634
垫,没,1,-1.6725989649874264
标准,残次品,2,-1.6734568922995086
翻新,级,3,-1.6782638773077798
健康,没,2,-1.683129632479596
值,卫生,2,-1.686130722334619
吸收,消费者,3,-1.6890511586373322
公司,女性,8,-1.6898398540691484
消费者,女性,45,-1.6924023681369702
长度,pH,6,-1.6929829089161128
做,护垫,1,-1.6937175297142926
卫生用品,女性,10,-1.6955991233578334
说,垃圾,1,-1.6970520087119654
市场,买,2,-1.69861655545494
更,误差,3,-1.6993150602205345
做,口碑,5,-1.7002901836377786
真的,公司,1,-1.7020614484899717
网友,包装,1,-1.703078941929889
产品,残次品,3,-1.7038305413430275
微博,没,1,-1.7039631358967615
产品,女性,57,-1.7049467464593566
劣质,消费者,3,-1.7057298997839627
曝光,影响,1,-1.708067534229498
315,影响,1,-1.708067534229498
卫生用品,更,2,-1.7089266550048257
国家标准,接触,2,-1.7130828545812236
行业,公司,1,-1.7152770679941356
官方,误差,1,-1.7158031830091034
真的,包装,1,-1.7164167414670415
商家,选择,1,-1.7182120916350412
标准,买,6,-1.718707973394409
官方,消费者,3,-1.7222180225725316
回应,情况,1,-1.724892156870857
没,关注,1,-1.729588943572256
权益,皮肤,1,-1.7336211822578549
pH,消费者,7,-1.7338809400981117
接触,中,2,-1.7369295965355915
内裤,真的,1,-1.737685358220693
真的,视频,1,-1.737685358220693
时,买,2,-1.7400364828349209
劣质,品牌,4,-1.743007650247932
情况,买,1,-1.7490816224379278
生产,女性,18,-1.7495027753674879
产品,没,5,-1.7497668255098862
压缩,买,6,-1.7520841105994513
应,包装,3,-1.7585740545215924
质量,级,1,-1.7586449768563392
值,钱,1,-1.7588151762361022
pH,卫生,2,-1.7649078357187362
里,消费者,2,-1.7666121419309848
曝光,购买,1,-1.7688215653085944
315,购买,1,-1.7688215653085944
东西,消费者,3,-1.7705810441339307
卫生用品,垫,1,-1.7737777993547936
希望,买,1,-1.775881681781643
成本,元,1,-1.7762390368710772
pH,ABC,5,-1.7797406338664767
国家标准,皮肤,2,-1.7825307827388013
说,纸尿裤,1,-1.7827818827378494
情况,女性,6,-1.7829492584606297
健康,卫生用品,2,-1.7843084668469633
产品,应,21,-1.7848607460418686
护理,更,2,-1.7872316505046153
晚会,生产,2,-1.7874923612487494
卫生,买,2,-1.789097301285807
行业,偏差,1,-1.792520066926596
信任,网友,1,-1.7930603087675545
卖,买,1,-1.7934757417963811
女人,买,1,-1.7934757417963811
成本,生产,7,-1.7979341079703963
真的,事件,1,-1.8063981083047072
发现,更,2,-1.8088454636106779
说,时,2,-1.8102626191599562
想,微博,1,-1.8108783398132733
回应,导致,1,-1.8123549981211962
曝光,公司,1,-1.8127649128961911
公司,315,1,-1.8127649128961911
女生,压缩,2,-1.8190425330905755
说,情况,1,-1.8193077587629634
护垫,女性,8,-1.820770723895597
想,消费者,4,-1.825028828156307
曝光,包装,1,-1.8271202058732614
315,消毒,1,-1.8271202058732614
女,消费品,1,-1.827951853172215
女人,正视,2,-1.8290160679089402
引发,偷工减料,4,-1.8307424793507003
卫生用品,关注,1,-1.8307677779396234
符合,客服,2,-1.8329923183164203
吸收,ABC,2,-1.8344465259566118
应,关注,4,-1.835072191995636
想,关注,1,-1.8365041474887678
导致,买,1,-1.836544463688267
pH,钱,1,-1.8375922896202193
微博,品牌,6,-1.839222965507235
成本,回应,6,-1.8403693742907927
品牌,符合,7,-1.8414373865726772
说,希望,1,-1.8461078181066786
内裤,曝光,1,-1.8483888226269125
卖,客服,1,-1.8505863783311585
劣质,ABC,2,-1.851125267103242
想,一次性,1,-1.8516639546597735
微博,成本,4,-1.8559662293418113
误差,购买,1,-1.856284406558934
标准,市场,4,-1.8574570789535434
引发,女性,9,-1.8590522375464213
贵,ABC,2,-1.8593928830868427
成本,品牌,22,-1.8630003487903608
护垫,商家,1,-1.863642531156605
月,误差,1,-1.8637018781214167
卖,说,1,-1.8637018781214167
企业,成本,7,-1.8640692097697127
导致,正视,2,-1.8720847898008262
质量,偷工减料,5,-1.8745489640001056
真的,消费者,5,-1.8745489640001056
符合,消费者,5,-1.8745489640001056
医用,女性,31,-1.874785562827962
包装,中,1,-1.8833884255200066
护理,微博,1,-1.8834469657639183
卫生用品,晚会,1,-1.885591802684145
吸收,女性,6,-1.8872859182753652
abc,垫,1,-1.8896970866543612
引发,医用,3,-1.890506387377737
点,偷工减料,2,-1.8921430240148438
做,应,4,-1.8947784381199038
成本,信任,3,-1.8950752663809278
引发,晚会,1,-1.8970418234276831
企业,女性,17,-1.8981000373587775
品牌,购买,4,-1.8999769965863313
abc,口碑,4,-1.900227754146531
公司,误差,1,-1.900227754146531
产品,纸尿裤,3,-1.9017699189549362
内裤,中,1,-1.9046570422736577
生产,情况,1,-1.9048493118869083
劣质,正视,2,-1.9056373495118526
长度,成本,13,-1.9063865470253063
公司,消费者,3,-1.906642593709959
说,导致,1,-1.9067706000133027
长度,医用,11,-1.90802504242106
护理,关注,1,-1.909072773439413
东西,pH,1,-1.9107587021821908
信任,曝光,1,-1.9171015727109268
发现,消费者,4,-1.9192112672130146
皮肤,选择,1,-1.920034306488736
回应,口碑,6,-1.9212893696743603
值,购买,1,-1.9240997907865054
长度,搜,2,-1.9243084550225684
环境,回应,1,-1.9265260180405075
发现,关注,1,-1.9306865865454754
成本,女生,2,-1.9315172623489885
行业,需求,4,-1.9340582357782046
残次品,消费者,2,-1.93521174590673
劣质,医用,2,-1.9354188092533113
国家标准,质疑,1,-1.9360398210396825
女性,级,7,-1.9390684603779118
说,劣质,1,-1.9403231597243291
行业,生产,2,-1.9448649907347872
企业,口碑,7,-1.9449892051532804
健康,买,3,-1.9454788352414312
发现,一次性,1,-1.9458463937164812
长度,卫生,4,-1.9464022258731852
女性,卫生,11,-1.9484958193923678
贵,说,1,-1.94859077570793
卫生用品,翻新,3,-1.9493677131174598
垫,关注,1,-1.9519813649087037
质疑,中,1,-1.9598865629940498
称,行业,1,-1.9601641271176697
真的,压缩,4,-1.9680983424852887
压缩,希望,2,-1.9680983424852887
护理,做,1,-1.9687790195636807
国家标准,客服,2,-1.9761172604150175
健康,一次性,2,-1.9776718395718793
产品,行业,6,-1.9783114738279295
品牌,视频,4,-1.9795442539046497
行业,压缩,4,-1.9813139619894526
产品,卖,3,-1.9826899143385035
企业,网友,2,-1.9844466734927872
卖,压缩,2,-1.985692402500027
女人,压缩,2,-1.985692402500027
信任,女性,7,-1.9868215918262797
长度,口碑,13,-1.9873065424088736
ABC,正视,9,-1.9914735189911565
翻新,钱,2,-1.9974148875245685
pH,购买,1,-2.002876904170622
权益,翻新,2,-2.005730155736572
价格,客服,1,-2.0078261201423557
消费者,需求,13,-2.009946544074092
做,垫,1,-2.0116876110329716
吸收,标准,2,-2.012258805751267
健康,垃圾,1,-2.0124372577325556
女生,口碑,2,-2.0124372577325556
劣质,需求,2,-2.0150579578916914
应,消费者,14,-2.016241950605571
生产,钱,1,-2.0175494446362707
标准,钱,2,-2.020622278685894
说,环境,1,-2.020941619932614
想,网友,1,-2.0221473826780105
值,级,1,-2.0246266667404695
皮肤,质疑,1,-2.025387306634965
健康,成本,7,-2.0277778038670418
企业,商家,2,-2.0284346858701245
权益,标准,2,-2.0289375468978976
劣质,标准,2,-2.0289375468978976
应,希望,2,-2.0340532267220315
贵,生产,1,-2.0341323288318747
贵,长度,2,-2.0356695639702727
选择,ABC,2,-2.0375383913341234
没,曝光,1,-2.039273442704871
企业,应,6,-2.0399417860844906
做,微博,1,-2.0430517819423066
生产,医用,5,-2.0439913310325974
医用,消费者,12,-2.045784612855648
回应,公司,1,-2.0468202517582195
应,行业,4,-2.0472688462261956
女生,偷工减料,2,-2.047421249492755
发现,翻新,3,-2.049286521723312
说,消费者,6,-2.0506889633266656
品牌,搜,3,-2.054951656562672
称,曝光,1,-2.057651972019726
发现,需求,3,-2.058614323878431
值,质疑,1,-2.0588965688252157
搜,女性,5,-2.063905572291686
想,商家,1,-2.066135395055348
abc,市场,1,-2.068402973638883
做,关注,1,-2.0686775896178013
产品,感觉,2,-2.0716949203972486
国家标准,没,1,-2.0716949203972486
护理,时,1,-2.072208609219086
abc,需求,3,-2.0746148025721465
国家标准,生产,2,-2.0747743133292205
值,女性,12,-2.075731007688476
更,搜,1,-2.0772331039386787
质量,成本,4,-2.0805730717437014
真的,成本,4,-2.0805730717437014
成本,希望,2,-2.0805730717437014
口碑,市场,4,-2.0842279408005657
价格,翻新,2,-2.0863486159448565
需求,中,4,-2.0878143003270053
女人,女性,5,-2.090377783652877
东西,生产,1,-2.090715857198242
月,客服,1,-2.0915944778349536
企业,劣质,1,-2.0919998146475907
护理,网友,1,-2.094716008628656
没,口碑,3,-2.09816713175844
需求,ABC,9,-2.1008941273709953
卖,更,1,-2.1037053152998695
口碑,女性,33,-2.1048773533479923
微博,市场,1,-2.1050614442177316
微博,需求,3,-2.1112732731509944
更,ABC,5,-2.1141596729370358
长度,女,1,-2.123617263245975
想,成本,3,-2.124162340291384
没,误差,1,-2.1267362839552106
权益,应,2,-2.1282685683396823
劣质,应,2,-2.1282685683396823
发现,真的,1,-2.129667621271871
发现,符合,1,-2.129667621271871
abc,网友,1,-2.1323303004284337
偷工减料,没,3,-2.1331511235186387
ABC,时,3,-2.136102225817713
贵,应,2,-2.136536184323283
pH,质疑,1,-2.137673682209333
健康,压缩,6,-2.137695495945077
卫生用品,315,1,-2.1404522770722387
发现,卫生,1,-2.142883240776035
价格,压缩,2,-2.142932144311224
消费者,口碑,14,-2.1436817910108084
更,导致,1,-2.1467740371917556
健康,网友,2,-2.1481552675901163
回应,事件,1,-2.1511569115729547
回应,信任,1,-2.1511569115729547
皮肤,需求,4,-2.15331504396792
发现,商家,1,-2.1603178341120555
健康,真的,2,-2.1614930671272687
真的,口碑,4,-2.1614930671272687
翻新,购买,2,-2.1626995020749717
内裤,客服,1,-2.1637442635907886
微博,网友,1,-2.1689887710072817
品牌,没,4,-2.1704288739826083
生产,压缩,5,-2.1708862058822254
长度,压缩,10,-2.1724234410206233
劣质,成本,2,-2.174788413361352
信任,买,1,-2.1753463771400257
女性,买,12,-2.1786975866396636
权益,更,1,-2.180326596902782
abc,应,3,-2.1878254130201373
健康,ABC,5,-2.1895414847791734
说,回应,2,-2.1908666213749264
选择,翻新,2,-2.1921432799674534
卫生用品,接触,1,-2.1927733122023207
微博,卫生,1,-2.1955421900485983
偷工减料,希望,2,-2.196477058887468
官方,更,1,-2.1968147196913512
想,接触,1,-2.1985096817514655
选择,需求,2,-2.201471082122573
客服,买,2,-2.201940587151739
想,中,1,-2.202456866268128
商家,ABC,3,-2.2025976376046197
事件,女性,6,-2.2092140131627276
行业,偷工减料,4,-2.2096926783916317
一次性,网友,1,-2.209774385853782
称,值,1,-2.2129301974976365
标准,选择,2,-2.2153506711287787
说,偏差,1,-2.218478852582786
pH,偷工减料,5,-2.2193077672683534
翻新,消毒,2,-2.2209981426396386
关注,卫生,1,-2.221167997724093
月,压缩,2,-2.2267005020038217
需求,消毒,2,-2.2303259447947577
值,压缩,4,-2.2340800323694197
引发,误差,1,-2.2393651390661162
消费者,翻新,11,-2.2416268414227676
产品,翻新,14,-2.2472848341599145
需求,视频,2,-2.251594561548409
劣质,口碑,2,-2.2557084087449195
偷工减料,导致,2,-2.257139840794092
质量,做,1,-2.2676586243441967
长度,翻新,9,-2.267843006099306
卫生用品,品牌,4,-2.2716077083499755
健康,曝光,2,-2.2721965315334884
感觉,ABC,1,-2.2785464908379183
生产,ABC,4,-2.28162588376989
偷工减料,钱,2,-2.282377132293115
成本,消费者,12,-2.2851542169636887
偷工减料,消费者,13,-2.2855809866875196
劣质,偷工减料,2,-2.290692400505119
时,市场,1,-2.2938230876728993
消费者,压缩,11,-2.298210369789135
需求,时,3,-2.300034916606162
生产,买,2,-2.3005976400659423
企业,消毒,1,-2.3072678015506574
企业,包装,1,-2.3072678015506574
pH,压缩,4,-2.3128571457535365
垫,接触,1,-2.3139868991714017
315,关注,1,-2.3186558426261485
东西,口碑,2,-2.3205595530948875
健康,接触,2,-2.324517566663571
真的,市场,1,-2.3296682866196217
事件,生产,1,-2.331114066589006
信任,生产,1,-2.331114066589006
价格,健康,1,-2.336326868953204
应,相关,2,-2.3363767636698825
品牌,卫生,5,-2.3400798332470827
月,更,1,-2.3447134148036644
成本,值,4,-2.346554761627832
微博,中,1,-2.3492982545973993
国家标准,关注,1,-2.351077320318526
口碑,影响,2,-2.3519237240042226
没,客服,1,-2.354628883668747
东西,偷工减料,2,-2.3555435448550868
护垫,生产,1,-2.3577082766007194
长度,护垫,2,-2.3592455117391173
长度,行业,3,-2.3614397251520294
产品,事件,3,-2.3645605496821482
企业,买,2,-2.3667327418652584
真的,时,1,-2.3710882139996023
价格,偷工减料,2,-2.3713108607134035
应,市场,3,-2.3718255996741724
品牌,包装,3,-2.373313136429842
卫生用品,ABC,2,-2.379725325205286
女性,消毒,5,-2.382267052158856
垫,皮肤,1,-2.383434827328979
医用,ABC,7,-2.3838250581173233
应,ABC,8,-2.3840297392612984
微博,偷工减料,3,-2.386907715764422
压缩,苏菲,1,-2.3875545130311377
品牌,女性,38,-2.3886432007658724
符合,女性,8,-2.394711818525501
卫生用品,买,1,-2.3986970815013375
偷工减料,生产,5,-2.3992649222844045
商家,时,1,-2.401738426839787
健康,品牌,8,-2.4033519628112257
网友,卫生,1,-2.4068112329133355
质量,真的,1,-2.4069334129463247
偷工减料,关注,3,-2.4125335234399166
商家,压缩,3,-2.413786054604317
品牌,级,3,-2.4155413718191396
pH,女性,10,-2.4175425269063866
应,质疑,2,-2.420034692716792
医用,中,3,-2.423212650967469
晚会,中,1,-2.4297480870174155
值,ABC,3,-2.4379291146485658
成本,标准,9,-2.438436862635311
选择,口碑,2,-2.442121532975801
没,需求,2,-2.442479181626368
长度,需求,8,-2.4470958096967377
没,生产,1,-2.4532859365829505
医用,误差,3,-2.4544072725710637
月,偷工减料,2,-2.455079218406001
月,消费者,2,-2.455079218406001
成本,时,3,-2.459765372075823
卫生用品,医用,2,-2.464018867355355
国家标准,需求,3,-2.4790050576514817
里,翻新,1,-2.481649897162438
成本,年,1,-2.4867324196760925
口碑,视频,2,-2.4922450124016375
垃圾,品牌,2,-2.499736499235568
成本,苏菲,1,-2.5000292422895503
做,皮肤,1,-2.500131052038076
里,标准,1,-2.504857288323764
健康,pH,2,-2.506251870395517
点,正视,1,-2.507087973021578
护垫,更,1,-2.512170160655227
更,客服,2,-2.512170160655227
质量,315,1,-2.517636877352544
偷工减料,视频,2,-2.5272290041618364
做,值,1,-2.5336403142283275
偷工减料,市场,3,-2.534249431839609
月经,压缩,1,-2.538233425528806
健康,质疑,1,-2.5474745331220294
微博,买,1,-2.551274839379753
标准,消费者,9,-2.5543408497790776
垫,正视,2,-2.555450994582977
想,生产,1,-2.5602011404994625
偷工减料,买,4,-2.5654253277227865
年,口碑,1,-2.56765241505966
消费者,偏差,2,-2.5688480933635756
真的,中,1,-2.5739050969992894
abc,医用,2,-2.5799381546549225
长度,皮肤,3,-2.580696533341745
口碑,苏菲,1,-2.5809492376731176
偷工减料,质疑,2,-2.5824585248822287
客服,口碑,4,-2.587551972497365
口碑,卫生,3,-2.5897461859102764
正视,买,3,-2.5954077760083645
偷工减料,信任,2,-2.595941754245851
更,需求,4,-2.6000204586128475
商家,中,1,-2.604555309839474
回应,晚会,1,-2.607535206232698
垃圾,ABC,1,-2.6078541160908784
女生,ABC,1,-2.6078541160908784
产品,导致,2,-2.610721136951546
偷工减料,符合,3,-2.611514558166312
消费者,苏菲,1,-2.615933229433317
偷工减料,客服,4,-2.6225359642575636
品牌,医用,11,-2.6236307446823197
消费者,卫生,3,-2.6247301776704757
皮肤,网友,1,-2.6260680411030513
搜,消费品,1,-2.628643044948808
企业,引发,1,-2.6320498934931726
做,买,1,-2.6366068931795152
女性,购买,4,-2.6458965064815514
成本,月经,1,-2.6507081547872184
女人,消费品,1,-2.6551152563099993
女生,正视,1,-2.662366198499489
垫,需求,2,-2.6648716029628154
说,正视,3,-2.6656339123333996
产品,护理,3,-2.6662162495432495
产品,说,5,-2.6673046653179133
引发,应,2,-2.6683186471852642
abc,生产,1,-2.6703840582498852
abc,标准,2,-2.6734568922995083
曝光,中,1,-2.684608561405509
315,中,1,-2.684608561405509
健康,生产,2,-2.686209025411568
标准,口碑,8,-2.689281859461191
垃圾,医用,1,-2.6921476582409474
称,口碑,2,-2.7015081617944503
说,晚会,1,-2.7019508081248045
产品,东西,2,-2.70912484101254
感觉,偷工减料,1,-2.718113624239795
感觉,消费者,1,-2.718113624239795
吸收,品牌,2,-2.7263289091013014
点,应,1,-2.7297191918494073
月经,口碑,1,-2.7316281501707858
劣质,消费品,1,-2.7317365379129117
品牌,钱,2,-2.7346923820359286
称,偷工减料,2,-2.7364921535546496
产品,影响,2,-2.7404890119218757
产品,微博,3,-2.7404890119218757
企业,垫,1,-2.741813459718715
产品,需求,10,-2.7420394634852756
微博,压缩,2,-2.743491500083399
女性,纸尿裤,3,-2.7464233824355158
质量,回应,1,-2.751692216214572
长度,正视,6,-2.7527127005957426
符合,ABC,2,-2.7569099254855916
企业,ABC,3,-2.7627984848480507
里,偷工减料,1,-2.766612141930985
消费者,月经,1,-2.766612141930985
应,垫,2,-2.7780822134108067
曝光,值,1,-2.7836185672366747
长度,女生,1,-2.784130796974308
垃圾,标准,1,-2.785666395885533
健康,应,4,-2.788612880902976
健康,想,1,-2.790044836396108
想,口碑,2,-2.790044836396108
企业,关注,1,-2.7988034383035445
搜,正视,1,-2.802543856547749
消费品,中,2,-2.804492880348226
月,产品,2,-2.8086605145634547
真的,正视,2,-2.8114220078942016
价格,消费品,1,-2.8123549981211964
女性,苏菲,2,-2.81416798907135
成本,女性,19,-2.8204239638792927
医用,网友,2,-2.8278656680985077
卖,正视,1,-2.8290160679089404
值,中,1,-2.83988678688342
医用,希望,1,-2.8412034676356606
权益,ABC,1,-2.851125267103242
企业,晚会,1,-2.853627463048066
长度,市场,2,-2.8559214800423183
需求,纸尿裤,1,-2.8575166809052113
说,行业,1,-2.8593234376108425
值,消费者,3,-2.8774962480504427
内裤,产品,2,-2.88081030031929
应,医用,6,-2.8833607806902113
更,关注,1,-2.8871302205587357
点,消费者,1,-2.892143024014844
护理,消费者,2,-2.897597454106952
医用,导致,1,-2.9018662495422847
健康,垫,1,-2.905522053816044
权益,正视,1,-2.905637349511853
搜,需求,1,-2.9119644649275878
东西,ABC,1,-2.9159764114532103
发现,偷工减料,2,-2.9192112672130146
曝光,女性,6,-2.920452782210565
符合,需求,2,-2.9208426162740406
长度,女性,16,-2.9209650119481982
成本,客服,3,-2.921669476392641
成本,医用,6,-2.9298806257118812
真的,生产,1,-2.9316493712306233
环境,ABC,1,-2.931743727311527
需求,卫生,2,-2.934058235778205
权益,医用,1,-2.9354188092533113
卖,需求,1,-2.9384366762887786
接触,买,1,-2.938906181317945
垫,偷工减料,2,-2.940506045576243
情况,压缩,1,-2.9412982831415735
曝光,客服,1,-2.94369578272264
ABC,影响,1,-2.9473405823625454
卖,长度,1,-2.9507806663837597
国家标准,女性,6,-2.9528742599029423
产品,年,1,-2.9562177029773125
说,315,1,-2.9568112825128985
企业,时,1,-2.9619392740832176
里,女性,2,-2.964846901569018
产品,真的,3,-2.9650958543237653
微博,消费者,2,-2.971870216485578
企业,压缩,3,-2.973986901847748
产品,护垫,2,-2.9761172604150175
内裤,品牌,2,-2.97954425390465
压缩,卫生,2,-2.9813139619894526
产品,口碑,10,-2.9826899143385037
环境,女性,3,-2.9845831196302806
价格,正视,1,-2.986255809720137
企业,真的,1,-2.99778447302994
ABC,购买,1,-3.0080946134416413
医用,口碑,6,-3.0108006210954485
企业,卫生,1,-3.011000092534104
环境,医用,1,-3.016037269461596
健康,晚会,1,-3.017336057145395
长度,钱,1,-3.0190866797746687
应,搜,1,-3.0251750753755786
长度,劣质,1,-3.027401947986672
压缩,导致,1,-3.028761124391913
医用,影响,1,-3.0316341245126144
医用,需求,5,-3.0331845760760143
生产,315,1,-3.042352835636843
长度,曝光,2,-3.043890070775241
官方,标准,1,-3.045425669686466
标准,曝光,2,-3.045425669686466
偷工减料,医用,6,-3.045784612855648
女生,消费者,1,-3.047421249492755
卖,应,1,-3.05164728673677
女人,应,1,-3.05164728673677
成本,情况,1,-3.0537730123999864
权益,压缩,1,-3.0623136841029397
劣质,压缩,1,-3.0623136841029397
应,商家,2,-3.064703439562216
ABC,包装,1,-3.0663932540063086
贵,压缩,1,-3.0705813000865403
产品,曝光,3,-3.075799318729985
更,符合,1,-3.0861112552851315
内裤,ABC,1,-3.08766187075996
成本,卫生,2,-3.093788691247865
价格,需求,1,-3.095676418099976
长度,接触,2,-3.0962111059053234
企业,315,1,-3.1084879374361596
产品,压缩,8,-3.111223284583886
需求,影响,1,-3.1112732731509944
产品,月经,1,-3.1201934380884384
长度,影响,1,-3.123617263245975
生产,误差,1,-3.1298156768871825
接触,压缩,2,-3.1311228420215906
情况,口碑,1,-3.1346930077835538
压缩,中,2,-3.1350700265382536
生产,消费者,3,-3.1362305164506106
皮肤,翻新,2,-3.143987241812801
女性,压缩,14,-3.1485218260068617
搜,口碑,1,-3.152614915780816
影响,压缩,1,-3.1585289993622427
偷工减料,时,2,-3.1606318599407457
需求,购买,1,-3.172027304230091
权益,成本,1,-3.174788413361352
产品,想,2,-3.1786101243137606
月,需求,1,-3.179444775792574
偷工减料,网友,2,-3.1831392593503156
315,女性,5,-3.1834871880443587
偷工减料,女性,16,-3.184255464466645
长度,购买,1,-3.1843712943250715
商家,口碑,2,-3.1921432799674534
月,标准,1,-3.1933243647987797
女性,质疑,3,-3.195730783799106
企业,误差,1,-3.195950778686499
价格,应,1,-3.208887028547967
偷工减料,卫生,2,-3.2096926783916317
长度,选择,1,-3.2138150722175536
翻新,相关,1,-3.2138383510667725
女人,消费者,1,-3.214071118902206
女人,偷工减料,1,-3.214071118902206
口碑,导致,1,-3.222155849033893
需求,相关,1,-3.2231661532218916
国家标准,更,1,-3.2292361973837287
标准,公司,1,-3.2298502408238936
东西,成本,1,-3.23963955771132
成本,接触,2,-3.2435975712800036
点,产品,1,-3.2457243201722976
选择,压缩,1,-3.2487268083338208
内裤,需求,1,-3.251594561548409
更,中,1,-3.2530829393380962
企业,值,1,-3.2637661629140706
pH,需求,2,-3.265601419542288
成本,影响,1,-3.2710037286206552
吸收,偷工减料,1,-3.2740136593584883
回应,生产,1,-3.2764081744988713
翻新,质疑,1,-3.2974962801136822
需求,质疑,1,-3.3068240822688013
回应,压缩,2,-3.3128571457535365
成本,皮肤,2,-3.313045499437581
更,消费品,2,-3.316699038634068
接触,口碑,2,-3.324517566663571
健康,中,1,-3.328464751180234
品牌,值,3,-3.329811497793256
事件,标准,1,-3.3341869006386293
价格,口碑,1,-3.336326868953204
护垫,翻新,1,-3.337573719489017
企业,pH,1,-3.3425432762981875
医用,翻新,4,-3.3457848688082574
品牌,需求,7,-3.3553465899003934
成本,选择,1,-3.3612015375922333
偷工减料,中,2,-3.3634487429404327
健康,偷工减料,3,-3.3660742123472565
事件,压缩,1,-3.367563037843672
网友,女性,4,-3.3813740189883488
偷工减料,影响,1,-3.386907715764422
健康,皮肤,1,-3.3939654948211486
皮肤,口碑,2,-3.3939654948211486
医用,压缩,4,-3.402368397174625
pH,成本,2,-3.425331875011949
健康,值,1,-3.4274747570113995
值,口碑,2,-3.4274747570113995
消费品,关注,1,-3.4385401615688655
生产,需求,2,-3.4455585745583397
称,翻新,1,-3.4515299087861027
长度,生产,2,-3.4579025646533204
偷工减料,值,2,-3.4624587487715988
品牌,一次性,2,-3.4649710810748915
说,应,2,-3.4732276318823856
成本,事件,1,-3.4800377671020843
偷工减料,公司,1,-3.491605094431115
标准,压缩,4,-3.495887134819211
垫,ABC,1,-3.5009389121743664
pH,口碑,2,-3.506251870395517
护理,女性,3,-3.510869713023829
产品,偷工减料,7,-3.532247078928461
卫生用品,需求,1,-3.543658015993735
口碑,质疑,1,-3.5474745331220294
消费者,级,1,-3.5481886227974826
卫生用品,长度,1,-3.5560020060887156
长度,应,4,-3.5603064201447285
事件,口碑,1,-3.5609577624856517
想,标准,1,-3.5632739745490856
健康,正视,2,-3.5659816620751466
产品,女人,1,-3.56765241505966
微博,正视,1,-3.586815165492312
品牌,标准,6,-3.5916186002430472
事件,偷工减料,1,-3.595941754245851
想,压缩,1,-3.5966501117541276
健康,说,1,-3.600667472287623
引发,压缩,1,-3.6023637629485212
护理,翻新,1,-3.6126352093384053
护理,需求,1,-3.621963011493525
护垫,消费者,1,-3.6225359642575636
一次性,女性,3,-3.6259280902489555
护理,长度,1,-3.6343070015885055
产品,成本,6,-3.6387355131211425
垫,翻新,1,-3.6555438008076964
产品,315,2,-3.6607618194511415
ABC,市场,1,-3.6796447991588885
生产,口碑,2,-3.686209025411568
健康,长度,2,-3.687746260549966
引发,成本,1,-3.7148384922069337
内裤,女性,2,-3.7254637637998695
标准,正视,3,-3.7542482995069677
医用,市场,1,-3.7639383413089575
关注,压缩,1,-3.7691173077588935
卫生用品,口碑,1,-3.784308466846963
晚会,标准,1,-3.7905651952983725
网友,正视,1,-3.798084208357049
东西,品牌,1,-3.8078587945979
环境,品牌,1,-3.8236261104562166
行业,正视,1,-3.8246376273983658
做,压缩,1,-3.828823553883161
符合,医用,1,-3.8412034676356606
消费品,消费者,3,-3.842102341515248
曝光,ABC,1,-3.867613389891811
产品,视频,1,-3.88081030031929
成本,关注,1,-3.8815920370173056
压缩,市场,1,-3.890833216158586
需求,网友,1,-3.9075048167368878
质量,翻新,1,-3.9115148141189215
感觉,女性,1,-3.916348383877828
时,压缩,1,-3.9322531435385666
真的,长度,1,-3.9331866063690213
做,成本,1,-3.9412982831415735
医用,315,1,-3.9519069320418803
网友,压缩,1,-3.954760542948136
口碑,关注,1,-3.9625120324008734
质量,压缩,1,-3.968098342485289
国家标准,医用,1,-3.9843284097342577
消费品,ABC,2,-3.987497708834528
医用,接触,1,-4.004227967171962
消费品,买,1,-4.006469465130579
误差,女性,3,-4.007915623460904
偷工减料,正视,3,-4.016003153114189
真的,应,1,-4.0340532267220315
品牌,正视,4,-4.053280903578159
做,偷工减料,1,-4.05720227028534
成本,网友,1,-4.067235272206549
医用,皮肤,1,-4.07367589532954
偷工减料,需求,3,-4.125423761494028
时,口碑,1,-4.125647868180547
残次品,女性,1,-4.133446505544763
垫,女性,2,-4.138740805214276
网友,口碑,1,-4.148155267590116
生产,消费品,1,-4.16223715457956
误差,压缩,1,-4.166264648141848
微博,女性,2,-4.1701049761236115
应,国家标准,1,-4.177178168820629
成本,曝光,1,-4.191276536149921
真的,偷工减料,1,-4.196477058887468
应,偷工减料,3,-4.238634371942019
成本,中,1,-4.247544755796667
应,品牌,4,-4.275912122405988
成本,误差,1,-4.27873937740026
应,值,1,-4.300034916606163
误差,口碑,1,-4.359659372783828
垫,品牌,1,-4.392821295319056
客服,压缩,1,-4.394157247855385
产品,医用,3,-4.399365909013102
企业,正视,1,-4.402273067977817
应,买,1,-4.40300149555735
产品,晚会,1,-4.4059013450630475
标准,翻新,2,-4.439303606452843
应,生产,1,-4.558769185006331
消费者,正视,2,-4.600965653835345
应,成本,2,-4.707692885519409
应,更,1,-4.713231069060838
女性,视频,1,-4.72546376379987
品牌,接触,1,-4.811816808166584
客服,女性,2,-4.820770723895597
品牌,皮肤,1,-4.881264736324161
pH,品牌,1,-4.993551111898529
晚会,女性,1,-5.250554808543628
成本,翻新,1,-5.585154472916298
产品,正视,1,-5.954546949992799
