Rank,博主id,用户昵称,性别,粉丝数,关注数,是否大V,微博认证,个人简介,svip等级,score
1,1655444627,潇湘晨报,f,1755.2万,1624,True,《潇湘晨报》官方微博,简介：“影响湖南，湖南影响”，创刊于2001年，现为湖南发行量最多、影响力最大的纸媒。,3,0.034033809777019704
2,5547393597,蕗過铥了奶瓶,f,2248,858,True,,abo🥰🥰陈星旭唯粉😘😘只互眼熟的宝子！,1,0.033261472292294286
3,6997556479,吻骨以誓,m,12567,1108,True,,Love is cosmic,1,0.028881702685791103
4,7839267823,绣球小兔比,m,17828,3584,True,,健康常在,1,0.027071489494229658
5,2458743132,慕容沁钰,m,34.5万,8061.0,True,科学科普博主 超话主持人（慕容de番杏家园超话） 微博原创视频博主,一个爱国、爱动物、爱园艺、爱生活的博主,2,0.020090027343656842
6,7475173387,好运壁纸头像,f,11.4万,4609,1,超话粉丝大咖（杨紫超话）,此号已换主人，花了5000块钱买的。如果原号主找回，我会立马报案，超过2000金额立案标准了。,0,0.018706655541852715
7,7486367270,小锅舒芙蕾,f,13208,2515,True,,不是gay,1,0.016232885283493773
8,3335273760,爱右爱,m,5.8万,7806,True,情感博主,你的灵魂伴侣。                                图片视频来源网络侵删。不谈政治/不论是非。,1,0.015953651236249616
9,1463503853,爱玩的喵喵小沫,f,1116600,1353,True,,哆啦A梦回到了未来，大雄要等他到80岁 我不要他的口袋，要和哆啦A梦做朋友，请他吃铜锣烧  小🍠 ：～大蛾🦋  (●'◡'●)私信注明来意  Base：杭州,1,0.014309446495660013
10,2792519675,后厂村长看大厂,m,371828,1345,True,,身处职场，总得了解点大厂动态。wx：okokok-74,1,0.0133107964218392
11,7264493800,MK-久遇,m,117804,1722,True,,视频源网络 侵删 合作请私信 可投稿,1,0.012102403150899865
12,7652377360,juice粥,f,98468,1913,True,,欢迎你来认识我。,1,0.01101424771970787
13,7631232687,今天我贼拉开心,f,1.8万,1577,True,超话粉丝钻咖（邓为超话） 微博剪辑视频博主,雨停雨落终有时,1,0.010543847781993593
14,1721284411,蜂鸟摄影君,f,1018958,1010,True,,数码、摄影博主 商务合作：fnvxfnvx,1,0.010135676629699568
15,6893440069,吃成大饼脸,f,20390,5443,True,,希望明天会有意想不到的惊喜！,1,0.010093825641312833
16,1725876907,张逸轩同学,m,2053269,516,True,,2022、2023、2024年最具影响力财经大V/最具基金人气大V；不知名情感博主，不会主动联系任何人；谨防受骗！！投稿可直接私信…,1,0.010072355445871333
17,2268685365,曹勇琦,m,306.4万,918,True,互联网科技博主 微博原创视频博主 超话主持人（微博热门超话）,以铜为镜，可正衣冠；以古为镜，可知兴替；以人为镜，可明得失。,2,0.00985986213043346
18,7331622139,小怡说车,f,643958,461,True,,商务合作请私信,1,0.00836640071729301
19,1893892941,北京日报,m,11019157,1814,True,,爱北京，知北京；报道北京，服务读者。,1,0.008159432513189702
20,5688853991,-海绵大王-,m,16597,2673,True,,爱没什么附加定义,1,0.007930598738980381
21,1907561417,KISSNEONLAMP1999,f,866,431.0,False,,人類的偏見限制了认知和眼界，思想成為了禁錮自我意識的枷鎖。,1,0.007627676648072207
22,5284320379,不想做梦噢,f,169,185,False,,不想骂人,0,0.006546078866323616
23,1887312183,种斌Marco,m,745610,988,True,,一个浪迹在互联网圈子的散装文化人,1,0.005876410751038065
24,7362895675,·养乐多大人·,m,30123,482,True,超话粉丝大咖（王一博超话）,他强任他强，清风拂山岗。,0,0.005220499426930986
25,7567651111,石海不吃猪食,f,1.6万,3607,True,微博剪辑视频博主 娱乐博主,@陈星旭--CHEN先生 至上 肖稚宇铁粉,1,0.004887122297976675
26,5086160970,扎西德勒·天珠文化,m,36.7万,2298,True,超话主持人（天珠超话）,著名收藏博主，热爱藏文化，传播藏文化。天珠、唐卡、文玩交流：zxdltz888、228019621,2,0.004674736349543322
27,5944114131,酩酊沉酣,f,3.7万,225,1,超话主持人（魔道祖师超话） 微博原创视频博主,蓝忘机&amp;魏无羡,1,0.004450388557662367
28,5609184218,羊就是咩咩叫,f,82.2万,1594,True,娱乐博主,管好你自己❤️,3,0.0043151800273494
29,7803966179,不要有下雨天,f,0,35,False,,,1,0.00415086791164108
30,1314608344,新闻晨报,m,4059万,1624,True,《新闻晨报》官方微博,帮办热线：13524337940；商务合作： (021) 22895371（工作日9-17时），QQ 2549671421，微信 dodo171717；邮箱：service@zhoudao.com,3,0.0041433256304497556
31,6021559157,小洋知事,m,34万,832,True,娱乐博主 微博原创视频博主,合作宣发私我！素材有的来源于网络，文章旨在倡导社会正能量！无低俗等不良引导！简介版权或者人物侵权问题，请及时联系我！,2,0.004043168591873429
32,1774057271,生命时报,f,871万,331.0,True,《生命时报》社有限公司官方微博,人民日报主管，环球时报主办，一家具有国际视野的大众健康媒体。更多精彩关注微信“LT0385”。,2,0.00402106183647215
33,6276227682,liu_iiiiiirich,f,46.5万,242,True,搞笑幽默博主 超话主持人（分享欲爆棚的进超话）,欢迎来到我的QQ空间～ 想投稿的宝子们 直接投稿给我就行！ 部分投稿内容源于网络｜（侵歉删！）,3,0.003992895123244265
34,3306212485,王浣熊的生活日记,f,23.4万,41,True,微博vlog博主,一个分享生活/养生/中西医知识/爱与美的快乐土味大杂烩微博小号。,2,0.003923028922952409
35,7055357333,你的皮炎有点辣,m,32065,2217,True,,一个备战中孝的gay｜这里没你想看的,1,0.0038064109676428514
36,1223812162,反射弧超长星人影九,m,535453,587,True,,（小号@影九影九 ）SB和2B的简单相加= = 发脾气需要长时间CD和读条星人。 （不教骂人谢谢。给学费也不教(｡•ˇ‸ˇ•｡),1,0.0038032510305480464
37,2599051311,喵喵困了-,f,10.3万,56,True,微博原创视频博主,来往不逢人 善恶都是我,2,0.0035232034568434146
38,7837816524,-哗然-,f,2115,647,True,,常华森全肯定☺︎ 网络冲浪，请勿上升,1,0.003509879320760067
39,2032139271,央证公开课,m,3700.7万,547,True,央证公开课官方微博,商务合作VX：yzgkk02,2,0.0034261540940976744
40,7524204707,小猫随身听-守护闪不亮版,m,2253,243,True,,想要征服的世界 始终都没有改变,1,0.0034147948313771157
41,1731176574,陈枝辉律师,m,238957,1952,True,,北京京都律所高级合伙人，网络发言仅代表个人观点,0,0.0034052704375722117
42,7210074173,你麻薯叻,m,20584,1861,True,,在你的隻字片語裡找到勇氣,1,0.003236239269112831
43,7755867260,财唯唯,f,39874,2666,True,,人群:低头族、久坐、不爱运动。爱好:喜欢吃各种各样的美食，架不住美食的诱惑。 曾经:五瘦六胖，一年半从175✂️到95，维持四年。目标:只瘦小肚子,1,0.003120412899443698
44,6444551595,阿楠搞笑日常,m,200939,13817,True,,分享搞笑幽默段子及趣味表情包和头像，带来快乐！部分来源网络.侵删 商务推广请私信 可投稿,1,0.0030852200538453163
45,3551109611,旅行厨男,m,307.4万,776,True,微博旅游出行账号 旅游博主 微博原创视频博主,旅行撰稿人，环球摄影师，航拍玩家，户外骑行爱好者，汽车数码手机测评，收藏纪录片，旅游攻略分享！爱旅行的一只厨男。🛫🇨🇳🚵,3,0.0030594859448516143
46,7521627877,星陈微语_随风而记,f,11914,1080,True,,陈哲远专属发疯版～,1,0.0029644599312987218
47,1933903170,花糕员外,f,397884,947,True,,饮食•风俗•掌故,1,0.002811004975814542
48,6112106422,小椰奶冻Oo,f,28421,352,True,,要和小熊一年又一年,1,0.0028042929175411155
49,7429584565,春日宴threeo3·,f,117618,3947,True,,因为你的出现 那场绵延千百年的雨 终于得以止息,1,0.002716296051269203
50,6510964983,别说了都是我老婆,m,104830,5260,True,,置顶评论/私信回fo,1,0.0025482084802571562
51,7396956580,南有菩提,f,17.9万,592,True,读物博主,关注后立马取关、快转文章的一律拉黑🗄  老福特：南有菩提   不要私信求car❗ ❗ ❗/镇魂,2,0.002483185907177842
52,1887344341,观察者网,m,2007.4万,1318,True,观察者网(www.guancha.cn)官方微博,关注我们,3,0.002414855023165819
53,5722825507,最新潮生活,f,254286,372,False,,呈现最新生活热门话题榜，汇聚最近生活热点话题，国内外的生活热门新鲜事一网打尽。,0,0.0023289525813165123
54,7166585564,生活每天都进步一点,f,1.6万,138.0,False,,美好生活，从小小的进步开始,6,0.0023289525813165123
55,5821975991,生活小智慧,m,23.5万,72,True,微博剪辑视频博主,原ID这个咩毛病，创造美好生活的无限可能，让你轻松成为生活达人。分享生活智慧，商务合作QQ：800023204,6,0.0023289525813165123
56,7766395630,香菜卷加工坊_gxt,f,18090,113,True,,关晓彤个人站——专注@关晓彤 相关数据，不管如何，会永远爱@关晓彤❤️,1,0.0023236085645366136
57,1365841235,独善一行,m,160.7万,269,True,青年作家 心理咨询师  微博新知博主 教育博主 微博原创视频博主,不矫情偶尔煽情的理性派知书少年。,2,0.002321982124647079
58,6033073678,你是唯一的姐妹儿,f,9.7万,3102,True,电视剧博主 微博原创视频博主,商务推广请私信,2,0.0022984634626809024
59,7843070496,晚风挽余生,m,44948,3198,True,电视剧博主 微博剪辑视频博主,图片和视频源自网络侵删晚风啊 ～ 撩拨着情人心上的弦。,0,0.0022834073272656706
60,1706596590,Hai科技,m,601030,2614,True,,科技很Hai，关注Hai科技,1,0.002281863274038564
61,6444081045,氛围感研究员,f,13.3万,81,False,,开心的事要专心记起📝,6,0.002272005056748937
62,6365990425,大河财立方,m,403万,559,True,大河财立方官方微博,河南日报社智慧财经全媒体平台,1,0.0022627332429568966
63,6168519077,榴莲吃不饱饱,f,33.9万,41,True,美食博主,买买买小能手，梦想是开一家啥都有卖的小卖部,7,0.002252277557952747
64,5508960754,糖醋小鱼干_neko,f,540797,111,True,,恶龙摇了摇尾巴,1,0.0022383366446138806
65,5851027596,是汪汪呢,f,217万,1084,True,数码博主 微博原创视频博主,,1,0.0022367876542428956
66,6494750481,酸梨种草机,f,21.3万,97,False,,我发现的东西都好用,7,0.0022268132626754446
67,7548920421,momo粒_,f,1407876,209,True,,momo也想玩手机 搞笑女勇闯机圈,1,0.0022263323406613252
68,2107493602,楚斌top,m,3775102,2347,True,,喜欢女粉，喜欢汽车,1,0.002225441299775429
69,6871070604,泡芙米_,m,309085,2198,True,,推广合作私信,1,0.0022222013282494515
70,7227825708,摸鱼办公室,m,805.4万,210,True,搞笑幽默博主 超话粉丝大咖（摸鱼办公室超话） 微博原创视频博主,商务合作请加vx：ZGMJ_666,2,0.0022182339245477006
71,6659216388,爱买的小丸仔,f,42.7万,129,False,,不知名时尚博主,6,0.002197349252975919
72,7872698952,红番茄日记本,f,18463,162,True,,･. ✧⁎⭑꙳ εïз ⋆⁺₊🍅⋆ ☆｡. ​​​,1,0.0021934491165061178
73,6641267980,全都值得马,f,13.1万,118,False,,,7,0.002178683919005548
74,6615104519,三月_Ysabeau,f,5.4万,118,True,情感博主,打扰了，我话有点多🧃 🍧 ysabeau1216@163.com,1,0.002167537949800367
75,2858270197,七百里加急递煎饼,m,254.6万,436,True,娱乐博主,国家一级东拉西扯种子选手,3,0.0021527023715865058
76,7516679696,九派新闻,m,442.6万,227,True,九派新闻官方微博,如果您有线索，请联系：jpbl@jp.jiupainews.com ，商务合作，请联系电话：18694040076,4,0.0021501663582419346
77,5985928016,在太空踢足球的国王,f,102,393.0,False,,我要我一点一点不见,7,0.0021450231631349576
78,6038922387,乔凯文,m,213万,1625,True,互联网科技博主,原ID@黑客凯文,2,0.002133588182451816
79,7752777629,阳红东,m,15.6万,1,True,投资内容创作者,私信要求加QQ，加微信群的是骗子，请勿上当,6,0.0021331601642133615
80,1699432410,新华社,m,1.12亿,3161,True,新华社法人微博,新华社官方微博，重大新闻权威首发平台。,3,0.002115144399071365
81,7809335092,JaniceMan吻奶珊,f,205300,11674,True,,💛 人间理想李宁玉，人间妄想文咏珊 💜 2025最大心愿：老贵和妈宝男分手分手分手！！专心搞事业！,1,0.002114527905890704
82,1700832492,晓看世间夜赏梅,f,75355,177,True,体育博主 头条文章作者,不限圈瑞萍✍️娱乐影视🍉梅西⚽️❤️雷大众雷点，雷阿伟罗一切❗️乐见女孩昂扬，但iqjf无豁免权。以上。,0,0.0021065258622057445
83,1867099473,张洲,m,238.4万,1840,True,互联网科技博主,来来来，最温柔的博主来了,2,0.0021008617633038553
84,6164052686,猫喜庆的小本本,f,1605931,2673,True,,外表慈祥内心抓狂的老母亲,1,0.0020888976141694706
85,5247461650,Winkyle,f,230,485,0,,戒断中,1,0.0020473589514371122
86,7799806116,大橘喵喵喵大栗,f,54499,3797,True,娱乐博主,反弹反弹反弹，攻击无效，且一亿倍反弹到你全家,0,0.002040957398054747
87,1762923331,蒲蒲super,f,2517872,1073,True,,畅销书《儿童长高补脑营养食谱》作者， 一个接地气的专家妈妈 合作➕vx：pupu0618,1,0.002039335150682812
88,6811672042,夜尘锋刃,m,2266919,1175,True,,国之大者 为国为民 商务合作:asdyanghan110,1,0.0020364134027312684
89,6587717377,张佳ZHJ,m,944045,988,True,,游戏前路探索者！多坑游戏Gamer聚集地～,1,0.00203616020854951
90,7354263795,00开飞机,f,5.5万,363,True,coser 00开飞机 动漫博主,每天能发一万条,1,0.002022651421227375
91,7769326398,依山尽雨,f,185941,21,True,,我乱七八糟的生活,1,0.0020137911345197556
92,3141296113,Do医生,m,508.3万,285,True,2024最具影响力健康医疗大V 2023微博年度新知博主 健康博主,记录自己生活，分享个人思考；所有言论，仅代表个人观点。,2,0.0019806714967699917
93,3514817904,绵卷卷,f,347168,582,True,,你的电子闺蜜💖👭🏻 // 🍠：卷崽好甜//    🛰️可以来找我聊天：mianjuanjuan,1,0.0019694439274933755
94,6651577358,今天看比赛了么,f,174534,1598,True,,私信可投稿～推广/冲榜合作私信  视频来源于网络有侵权请私,1,0.001957745827960961
95,7186013403,翦瞳秋,f,27.6万,162,True,娱乐博主,单口相声表演艺术家,2,0.0019228375797928588
96,1823630913,C科技,m,2843258,4121,True,,C科技：一只安静的科技狗。关注科技与数码资讯，投稿、爆料、合作，请私信。,1,0.001922527012548508
97,2048978227,碎碎九十三,f,195069,269,True,,,1,0.0019174565075072841
98,3170072514,撩汉机小魔女,m,56707,1780,True,,哪吒事业粉,1,0.0019010873971059931
99,5849859085,耗子头主任,f,42530,8,True,,撰写女人自己的史诗。‖ 周末不上线,1,0.0018869630988847946
100,7002084904,IKliyyy,m,55.5万,27,True,情感博主,上网来熬夜,2,0.0018579194949185046
101,3910809787,我深爱的68号少年,f,191,65,False,,在养猪,0,0.0018556089611605282
102,1411163204,健康时报,f,593.8万,929.0,True,健康时报官方微博,微健康，随时随地不随意！人民日报社主管主办，中国百强报刊，更多精彩还可关注健康时报微信“JKSB2013”。,2,0.001841661890998976
103,1791101941,玟玟佳,f,27357,4332,True,,会有痛苦的事 但开心和喜悦的事也会像山一样多 这就是人生 请自由地 豁达地 尽情地活下去,1,0.0018164879561479712
104,1885454921,蓝鲸新闻,f,526.1万,2640,True,蓝鲸新闻官方微博,影响有影响力的人,2,0.0017993653213851243
105,2028671027,馍兽,m,29616,587,True,,看别人的遭遇，悟自己的道理。,1,0.0017877165066220043
106,1800397245,胡杨说,m,1286874,568,True,,我们的围观，或许可以解决很多问题,1,0.0017816426502350955
107,5132656758,江湖李傅相,m,62.9万,4,True,微博原创视频博主 情感博主,+V：lifuxiang8335,2,0.0017646612705430463
108,6619742346,谎兔粉弑,m,15251,1284,True,,京畿道小兔仙,1,0.0017617008119192616
109,6239219507,番茄炖了西红柿啦,f,12.8万,2657.0,True,美食博主 超话粉丝钻咖（美食超话）,内容来源网络，侵删,2,0.0017436318957075607
110,5032932021,1X1X,m,177.4万,0,True,娱乐博主,想发啥就发啥,3,0.0017377944383864924
111,6337273840,辞念with,f,103244,1949,True,,这里江辞 商务：JcForWorking,1,0.0017182255833484356
112,6084405732,咩有失棉,m,152835,1355,True,微博原创视频博主,？,0,0.0016773653266760524
113,2844644700,若是微微笑,f,10589,2351,True,,昵称过于强大无法显示,1,0.0016727804242152766
114,7773204980,饱饱还没吃饱,f,61562,5513,True,,勇敢的人先享受世界,1,0.0016361742134751605
115,2172631523,江雨萌,f,1264507,1941,True,,时尚美妆博主，独立撰稿人。合作请私信联系！,1,0.001630865071377903
116,6569466125,CCS滋滋,f,2.6万,2683.0,True,娱乐博主 微博原创视频博主,图片视频源于网络 侵删,2,0.0016273034959474947
117,3991770291,潘明先生,m,3826924,969,True,,言论仅为个人观点，与供职单位无关。,1,0.0016124412687111434
118,5071206030,言者先声,m,31.7万,2334,True,中国网锦绣天府融媒体中心主编 校园博主 微博剪辑视频博主,言者先声，为美好生活发声。,1,0.001606304200656889
119,7558234208,可爱多赵蜀黍,m,336659,666,True,,跨越山海，终见曙光,1,0.0015827003489114909
120,7813929958,弦雨迟,f,27205,1553,True,,进击的巨人中的无垢巨人由李泽言白起周棋洛扮演,1,0.0015292132488125259
121,7868576207,奈芙er,f,529235,102,True,,励志当个有趣的super woman！ 商务合作+🛰fifiyo_7（需标注来意💕）,1,0.0015034724609201096
122,5148153495,保罗车闻Cars01,m,439.5万,369,True,汽车资讯博主,Cars01 豪华车平台🏎 专注豪华车品牌，性能车型，Hypercar，超跑Supercar，相关改装产品及活动！,2,0.0015028243834577654
123,1080814012,托帕兹,f,343924,504,True,,一个私人号！私人号！私人号！ 发表的一切内容仅代表个人观点。Solo追星，不约人。,1,0.0014822075366261265
124,6777372092,清酌月下酒,f,81071,602,True,,不熟别问稿价//朋友外不推画师//直fo不回//国家职业级画饼选手//木苏里，墙头激推//我讨厌立体gay//,1,0.001479164329308026
125,2022252207,小白测评,m,399.3万,2184,True,小白测评工作室创始人 数码博主 微博VLOG博主 微博原创视频博主,不客观 真体验 一个工具性的科技数码频道,3,0.0014638414591213005
126,7375010855,rini_Jay,f,13141,3952,True,,现充中 随缘看私信 皮下多人,0,0.0014272189010644417
127,1819746910,弘叔uncleHong,m,2056586,1737,True,,,0,0.0013830932077460508
128,7717887199,木木很瘦丫,m,286687,687,True,娱乐博主,网络就是玩，交朋友,0,0.0013453588035070368
129,7473692775,超酥脆的油条,f,98085,223,True,微博原创视频博主,（ｖ＾＿＾）～✄╰ひ╯,0,0.001330954457843793
130,2661992301,买家张俊,m,164.2万,1348,True,互联网科技博主 微博VLOG博主 微博原创视频博主 头条文章作者,科技、互联网、数码、汽车行业动态及热点分析，商务合作请私信,2,0.0013274402214643395
131,6059492811,拆台CT,m,74.4万,4287,True,互联网科技博主 微博原创视频博主 头条文章作者,合作请+yilantfy，记得注明来意。,2,0.0013197853546196806
132,2318910945,新浪热点,m,7893.1万,1113,True,新浪热点官方微博,,2,0.0012743774910901433
133,7478974298,羊了个卷-见过杨洋32次版,f,1.7万,612,True,娱乐博主,素质不详，稠人婉拒 请勿对号入座 公司今天倒闭了吗,2,0.0012639120304818487
134,6282596127,九号秘事局,f,24.7万,79.0,True,星座命理博主,微信公众号：jiuhaomishiju 小助理号：jiuhaohuangli,8,0.0012460849292150883
135,5862006754,内娱日记,m,132913,3766,True,游戏博主,别太把自己当回事 谁care你,0,0.0012250006507736255
136,2132386743,晨希渺渺,f,232603,1391,True,娱乐博主 超话粉丝大咖（总博主超话）,视频非原创，所有内容皆来源于网络，不喜勿喷。,0,0.001181910808048083
137,7832563648,呱唧花花花,m,8.6万,45.0,True,电视剧博主,体坛爱好者，看心情说废话。 都是假的。 呱唧小花花也是我。,2,0.0011723504220105924
138,3934700325,弋起xiao熙熙,f,19690,3301,True,,人间于此，欢喜是你💕@罗云熙leo,1,0.0011672272508782154
139,5388069019,爱健身的硬哥,m,152367,485,True,,爱健身，爱美食，爱旅行，爱交友。。专业健身教练，拿了几个健美冠军，有点小成绩！,1,0.0011659189777684907
140,5327205036,江南第一名姬,f,20.7万,71,True,情感博主,拉拉投稿🌈｜译制视频🍭｜玩具测评🤹🏻‍♀️｜日常分享🎪,1,0.0011497836614040593
141,2583001030,华俊竹de微博,m,73.6万,431,True,珠海横琴华俊竹传媒有限公司 CEO 娱乐博主 超话主持人（华俊竹de微博超话） 微博原创视频博主,全国知名自媒体人 王思聪好友 娱乐圈纪委,3,0.001136229995657942
142,3279710155,斯图卡98,m,5861538,1956,True,互联网科技博主 视频博主,社会，资讯，历史,0,0.0011181226502643888
143,5782572166,0o发福奥利奥0o,f,5380,385,True,娱乐博主,,1,0.001069107079581918
144,2275284204,少年伯爵,m,1074840,882,True,,In the noisy confusion of life keep peace with your soul.,1,0.0009583339836587614
145,1301904252,江苏新闻,m,511.1万,1535,True,江苏广电总台融媒体新闻中心,江苏广电总台融媒体新闻中心、江苏公共·新闻频道，旗下《江苏新时空》《新闻眼》《新闻360》《通天下》《评新而论》《早安江苏》《网罗天下》等栏目,1,0.0009278907907604351
146,6898259936,o白鱼入舟o,f,3.3万,926,True,超话粉丝钻咖（刘宇超话） 微博原创视频博主,( ´͈ ᵕ `͈ )◞♡注意注意！来自百变小甜C刘宇的美貌暴击！,2,0.0008554234890972816
147,6163871963,少荣科技君,f,312704,1113,True,,这是一个有趣的博主 商务合作请联系 QQ：1040665874  VX：Summeryu26（备注来意谢谢）,1,0.0008406800660051924
148,6249379680,礼哥,f,146.9万,751,True,游戏博主 微博原创视频博主,想知道游戏新资讯，跟着礼哥走,2,0.0008224184573320744
149,3511775724,礼哥说科技,m,10.6万,197,True,互联网科技博主,关注科技、互联网、数码、汽车行业,1,0.0008166097434409004
150,1886301177,躁动的锅碗瓢盆,m,2422,1871,True,二级企业人力资源管理师 美食博主,声明：微博部分原创内容来源于网络，如有违规侵权请联系删除。,1,0.0008109420177510569
151,1612642012,不见不贱666,m,92.4万,781,True,颜值博主 微博原创视频博主,是非只在时势，公道不在人心,2,0.0008105482382712027
152,6354372953,宁艺灼灼其华_,f,5747,1036,True,,是一个温良的人 宁艺卓/jisung/ wonyoung 安利/战斗/👄队友 现在🈷️人 ch等级或者有花钱记录的秒回关 以防万一🈷️到粉籍不清楚的人！！！,1,0.0007954521140412052
153,1149956613,张慧林,m,2604084,5647,True,,南京市纪委廉政观察员  江苏省科普志愿者  微博自媒体作者,1,0.0007902888128045881
154,2468645684,任任LIZ_,f,675,213,False,,一个充满负能量的人,6,0.0007631999216739057
155,6608193583,锌姚,f,740,349,False,,日常号，独立追星，有时候会突然想起来日常号也要养，不用太在意我的粉籍，生气了自担也骂，不行你也给我打点钱,0,0.0007525782547890954
156,1700162184,李小萌,f,10983547,1287,True,媒体人,家庭教育 13911806665,0,0.0007468906671414322
157,1912085927,samteen,f,35,115,False,,seventeen,0,0.0007263199527081148
158,2286092114,中国蓝新闻,m,741.9万,5946,True,浙江广电集团融媒体新闻中心中国蓝新闻官方微博,和你一起 与时代同频,3,0.0007214878238266625
159,6420530135,之情_,f,58,63,False,,,0,0.000718002595491947
160,6504011400,心软耶,m,179472,1040,True,,普普通通的一位查性恋微博用户；微博平台非常好我会推荐给其他人使用,1,0.0007179113157022271
161,1682207150,南方日报,m,1671.6万,259.0,True,南方日报官方微博,华南主流政经大报，秉承“高度决定影响力”的办报理念；旗下南方+客户端是广东传播主平台、湾区第一端。,2,0.000699047033554408
162,7800807818,电竞系学长,m,588785,11974,True,,合作或侵权请私信联系,1,0.000697349390545478
163,1837242684,金华小陈说事,m,278653,1194,True,,23C全网最接地气的酱油博主（金华）有好的故事！文明以及不文明现象可以分享（反馈）给我！,1,0.000693519993247961
164,1735937570,江南都市报,m,1127.9万,1004,True,江南都市报官方微博,关注都市，关心百姓 商务合作:15079182969,1,0.0006870227880722437
165,7158419171,恰逢拾伍_Violet,f,11268,422,True,,在浪费时间中找到乐趣就不算浪费时间,1,0.0006813553405823513
166,5261353236,白小告呢,f,86,179,False,,,0,0.0006576664067033475
167,3963985063,黎蒙lm,m,27.5万,2428,True,搞笑幽默博主 微博原创视频博主,能有有什么烦恼？可以私信给我,8,0.0006560429806525404
168,5644557960,亓祐-见过Eason版,f,188137,2105,True,,只想为好事泪流  🈴️➕Easonfnds071备注来意,1,0.0006560429806525404
169,7746919417,还是你会画大饼,f,13,37,False,,向钱看,0,0.0006560429806525404
170,7235315626,无敌暴走猪哥,f,28.2万,124,True,情感博主,欢迎来到我的暴走世界～ 想投稿的宝子们 直接投稿给我就行！部分投稿内容源于网络|（推g私/侵歉删！）,2,0.000631200059701353
171,1870299693,毛发浓密大赛冠军,f,142061,789,True,,话像头发一样多。,1,0.0006245339348560832
172,6020338488,一个安静的水豚,f,26,308,False,,命运的看法，它更准确。,0,0.0006150906257015412
173,3886634941,小肥字说,f,135,460.0,False,,磕CP我是认真的！🌈,5,0.0005995909377132152
174,3694320381,小猫旺财,f,194679,188,True,作家 代表作《我有无边美貌》 萌宠博主,生活在河南的台北小哥，河南还怪好嘞,0,0.000596054808103478
175,6984788425,不要踏入此河,f,105,539,False,,拉黑伱是因为伱见。看不惯我，你去紫砂～镇魂,0,0.0005930322652042502
176,5872517953,我猜你一定读了我的ID,f,54,141,False,,,0,0.0005885200959778587
177,3971363732,OnePlus-已看过两场时代之旅,f,1653,1339,True,,你怎么知道我要看两场时代之旅了呀？,0,0.0005838910141937422
178,6617415833,酸酸欧尼酱,f,395522,1411,True,,情感树洞。,1,0.0005829974543345145
179,6338866456,莎莎的藏金库,f,100776,74,True,,修命不如修心。 有需要咨询可私wx。,0,0.0005790424448195099
180,5604447616,啊七四十九,f,1757,957,False,,上天恩泽 谨言慎行,0,0.0005761173554367213
181,5180971082,狒狒的烦恼之路,m,18.3万,503,True,微博原创视频博主,本微博所有资料都来源于网络，有侵权联系删除,6,0.0005605219077751215
182,5509694182,股侠韬哥,m,155647,306,True,招商证券股份有限公司投资顾问 财经博主 头条文章作者,复利创造奇迹 · 樱桃总是由青到红，生活也总是由酸到甜，无论你现在处在哪个阶段，你只需要细细品味。,0,0.0005352217317156972
183,5291824241,橘子娱乐,f,9582039,1913,True,,传播娱乐正能量！（所有独家和现场拍摄内容禁止截掉水印)广告合作邮箱：ad@happyjuzi.com,1,0.0005305747606027416
184,5975177916,代餐达人陆依萍,m,2.5万,467,True,娱乐博主,嗡嗡嗡嗡嗡嗡嗡嗡嗡嗡嗡嗡嗡嗡,2,0.0005172257828699301
185,3485610240,瘦司七格格,f,990,245,False,,更好的成为自己。,1,0.0005167933441810714
186,7010131150,帝吧官微,f,158.3万,975,True,超话主持人（帝吧超话）,海外帝吧官方微博,2,0.0005101797207181036
187,5860113127,_奶思兔咪啾_,f,646,272,False,,开心的生活🥰,0,0.0005066391712987089
188,2776325291,好运小七,f,503476,1986,True,,知名情感博主,1,0.0005026555470590989
189,1853804880,优优的狮子妈咪,f,75.6万,4448,True,职场博主 微博原创视频博主,生活、职场、教育领域知识干货交流分享！声明：微博内容有原创有搬运，仅为分享，侵权请私信我删除。,2,0.0004985622929357152
190,5761711726,原来是妖怪呀,f,135,199,False,,梦不停,0,0.0004959670718876952
191,1905739075,熊熊熊熊熊胖子,f,423208,447,True,,看别人的剧情 过自己的生活,1,0.0004922247160348109
192,2576278033,皮肤科杨希川教授,m,2007527,1625,True,,博士，主任医师，教授。93年从事皮肤科工作，擅长脱发、痤疮、皮炎湿疹、荨麻疹、色斑及疑难少见病。,1,0.0004890618186603393
193,7323114188,顾思夏思盛夏,f,49,161,True,超话粉丝钻咖（博君一肖超话）,上学中…… 上线全靠随缘  住校生 成分复杂 博肖&gt;all,2,0.0004824157270194037
194,7753225060,慢慢自愈我,f,147046,2085,True,,晚安 天天开心  ·͜·,1,0.0004786964914278303
195,5739039565,养胖指南,f,2万,161,True,体育博主 超话创作官（樊星闪耀FZD超话）,人生是旷野，愿你高飞🦅,1,0.0004740366120617833
196,3665229601,企鹅妹妹22,f,43,122,False,,我喜欢她，她喜欢一米八。,0,0.00046135701945357603
197,5786911344,谢健豪178,m,5.7万,16,True,颜值博主 微博原创视频博主,人生没有那么多剧本开心一天是一天🤪 分享日常生活的每个瞬间🥳 感谢各位精神股东的支持，加油冲百万股东博主🙇‍♂️,1,0.0004546742324244689
198,3833859315,玻璃心小瓜,f,255,990,False,,长期招富婆,0,0.0004311812117978604
199,7813494008,小李Skylla,f,1.3万,1410,False,,大眼塞僵尸粉很严重，所以我时不时开一键防护。喜欢ff14拍照、画画、看书。会在微博记录生活/读书观影。,5,0.0004195121510031057
200,5834456914,三铜钱先生,m,244785,41,True,,,1,0.00038755131634844514
201,5290777427,戏精庆帝,m,14.7万,436,True,电视剧博主,看走势博主，偶尔客串🍉主，果农～,2,0.00038465986765593953
202,5104090170,大邱流浪啵叽Bae,f,12590,426,True,,𝓘'𝓶 𝓰𝓻𝓸𝔀𝓲𝓷𝓰 𝓵𝓲𝓴𝓮 𝓪 𝓯𝓵𝓸𝔀𝓮𝓻,1,0.0003772247138752108
203,7397646384,阿苯,f,1199393,574,True,,WeChat：Amyliu031 （小红书勿扰）,1,0.00037008829395174334
204,7972700710,她者-全女卫生巾创业版,f,157,458,False,,,0,0.00036173481016535906
205,7790168759,海蜇_Earth,f,72,259,False,,驴💜兵❤驴💙猴 审判娥的全似了,2,0.0003462449064555074
206,6155599607,醉仙美6,f,23.3万,51,True,超话主持人（醉仙美6超话）,欢迎投稿明星和网红,2,0.000334585487970291
207,6936061442,徐momo呀,f,481,311,True,,你友好我也友好 苒圈e人哈哈哈,0,0.00033075500274565577
208,6587005047,孙浣妮,f,12.3万,193,True,萌宠博主,,1,0.00032920601237467086
209,5171986047,哎呦是我喽,f,277146,339,True,,好好生活 好好爱自己૮₍ ˃̶ ꇴ ˂̶ ₎ა,1,0.000324319817852826
210,5317526150,瞬颜一,m,11892,624,True,,我爱玩游戏,1,0.0003203024660959185
211,6347099168,年年plog,f,53.3万,20000,True,情感博主 超话粉丝大咖（年年日记超话） 微博原创视频博主,💛推广请私💛  📮接投稿,2,0.00031526509903580415
212,7942418420,流水水日记_,f,3361,132,False,,这里是流水水的护唇工具正经打卡点📍 工具测评💦｜科普介绍📔｜🔝请先看置顶 🈴️请私信,0,0.0003133731179398154
213,6072519818,爱吃火锅的慕容凝丝,f,107,795,False,,码字工/互联网爱操心人,0,0.00030790739477362455
214,6471269693,莓有番心柿--,f,12,249,False,,我有很多废话要讲🥖•͈̑ ᴥ •͈̑🌭️ᐝ,0,0.00030068972120107676
215,7666943859,呵呵一笑NM,f,28704,1210,True,娱乐博主 超话创作官（散打哥超话）,,0,0.00030022417804218004
216,2720608820,爱上萌熊猫,f,178203,1354,True,,大熊猫萌宠搞笑幽默分享，欢迎大家投稿,1,0.00029977519532595247
217,7383849169,财法海,m,23426,6872,True,,老衲法海，非主流律师，家有俩娃和一个师太。 寻找生活和生命的意义,1,0.0002946118940893353
218,7596587379,淇淇d小糖豆,f,3191,3387,True,超话粉丝钻咖（成毅超话） 微博原创视频博主,本人成毅毒粉，多担不要呼我，如需移出请私信💚单曲拉黑,1,0.00029181388198125775
219,1403078180,南风在北京,m,307240,2409,True,,中国男人，请更自信一点！,1,0.0002791348986325755
220,5636136297,瘦不了的中医肥猫,f,84.4万,296,True,浦口白露中医门诊部中医科医师,安徽中医药大学教师，微博小号:中医周雯，被安徽中医药大学政治迫害开除党籍、构陷成刑事犯罪嫌疑人师风师德不合格降级调离教师岗吊销教师资格证！,2,0.00026724639753526443
221,5993423827,怪博士李雷,m,1688830,1196,True,,生物学博士,1,0.00025934654664324
222,1750852843,PChome,m,126.4万,1018,True,PChome.net电脑之家官方账号,PChome.net电脑之家官方账号，每天为您带来最精彩的全行业资讯、消费类电子产品评测以及热点事件报道。,6,0.00025664904215881964
223,7492547385,今豫良言,m,4.6万,534,False,,河南老乡有言：三十功名尘与土，八千里路云和月。莫等闲，白了少年头，空悲切。,6,0.00025561800521356975
224,1577794853,互联网的一些事,m,1562020,2121,True,互联网科技博主,互联网的一些事！新鲜有料的互联网科技资讯！（合作微信: hao608）,0,0.0002539306124532598
225,3759595033,米其林蛋饼,f,72,456,False,,关你屁事,0,0.000248577392031022
226,6204040833,Oo凹凸曼爱上小怪兽oO,f,119,243,False,,扶光遇望舒，炽夏迎骄阳,0,0.0002381106262714955
227,7425586997,剋剋啊,m,201380,218,True,,今天发生了什么新鲜事    社会丨感悟丨新鲜事丨吃瓜  更多犀利个人观点在@剋剋随笔,1,0.0002378155804865459
228,7455677482,箴言_胡,f,8578,5426,True,美食博主,"💋～你陪我一程,我念你一生 ～ 💋 🌷《你若懂我，一切尽在不言中》🌷",6,0.0002378155804865459
229,3038801145,文秀佳,f,363490,3023,True,,希望我这个小可爱，能让你难忘又牵挂！,1,0.00023523392986823732
230,6514306912,森哥谈网事,m,24.6万,309,True,娱乐博主 微博原创视频博主,全网娱乐资讯，感谢关注！合作请私信！,2,0.00023523392986823732
231,6816075606,杨瀚微博,m,7.3万,689,True,退役军人、中国小动物保护协会 志愿者 军事博主 微博原创视频博主,人多的时候别看我小店哦，相当炸裂,2,0.00022077668640570937
232,6393166009,邓学平律师,m,78.1万,836,True,律师 法律博主,上海权典律师事务所主任,1,0.00020993375380881318
233,1771017150,数懒小姐姐,f,110万,3209,True,数码博主 微博原创视频博主 头条文章作者,摄影数码游戏爱好者，视频拍图评测，  自有工作室✺◟(∗❛ัᴗ❛ั∗)◞✺  我争取做个有趣的灵魂,2,0.00020761026825233538
234,7484889163,蝻胞嬤,f,1553,469,False,,护血🩸宝，用的安心，贴心呵护，让您无忧生活。,0,0.0002009348573678515
235,6747471065,诗经_小哑,f,69193,412,False,,小⭕ 不懂/不喜勿入 大部分粉见 小部分好友见 合作推广请私信 注意私信只能看到最后一条,0,0.00020063981158290213
236,7652656485,鱼圈雪王,f,3.2万,956,True,娱乐博主 微博原创视频博主,乐子人颜狗,2,0.00019915720651353055
237,7112703942,颖崽味的小仙女,f,75,310,False,,我老婆@赵丽颖,0,0.00019134586935699096
238,1885286525,女神酱cc,f,65.9万,55,True,颜值博主 美女帅哥视频博主,❤转发推广，请私信❤,1,0.0001890223838005134
239,2375086267,参考消息,m,2452万,187,True,参考消息报社官方微博,《参考消息》由新华通讯社主办、参考消息报社编辑出版，创刊于1931年，是中国市场发行量最大的日报。,2,0.0001890223838005134
240,7730778342,怒吧_NUNULAND,f,24.2万,992,True,音乐博主,klm请取关,2,0.00018249449580850442
241,3253527891,Fish-inthesea,f,16621,2392,False,,感觉一切都没有变，又感觉一切都变了,1,0.0001655293631739049
242,7613915674,kiku_辞梦祎,f,2.5万,1897,True,娱乐博主,“她们真的好爱你啊” 😉🤭  （😢❤️） ​​​,6,0.00016380826276169916
243,5688915436,C橙Neo,f,11.2万,5677,True,情感博主 超话粉丝大咖（侯明昊超话） 微博剪辑视频博主,只担侯明昊。千帆历尽，心少年……,1,0.00016066261094144603
244,1243630505,财曾曾,f,1.9万,1128,True,设计美学博主 头条文章作者,狮子座的设计师 ，logo设计加v 13871139238,6,0.0001603660619372877
245,2437016970,我是山河君,m,51.2万,1120,True,辽宁雄志能源公司舆情顾问 互联网科技博主 视频博主 超话粉丝大咖（锦州身边事超话） 头条文章作者,锦州是一座被山、河缠绕的英雄之城！ @我是山河君，做自己心中的英雄！（部分图片或视频来源网络及网友投稿，如有侵权请私信联系删除）,1,0.00015417010045334705
246,6293199312,精神病人电波站,f,590,1086,False,,醒来总比睡着好,0,0.0001512270187484752
247,2140296057,ABC官方微博,f,831896,106,True,,更多ABC详情，欢迎登陆ABC个人护理官方网站：www.abc-love.com,0,0.00014952312934039154
248,5217049827,虚伪的神在生根发芽,f,75,373,False,,倦兮倦兮钗为证，天子昔年亲赠；别忆风情，聊报他，一时恩遇隆；还钗心事付临邛，三千弱水东，云霞又红；月影已消融，去路重重；来路失，回首一场空。,0,0.00014874863415489893
249,6205104426,安安想要的都得到,f,28,76.0,False,,一个树洞,1,0.00014745780884574462
250,7700623999,书小阮_Murmansk,f,137870,268,True,,叫我小阮/喜欢记录圈子日常的普通人，不喜绕路/🈴作请私信/镇魂,1,0.00014590931976614165
251,7033595759,孙旖Jojo医生,f,56万,243,True,上海市同仁医院妇产科主治医师 微博原创视频博主,💙妇产科主治医生、医学硕士 ✏️《Jojo医生陪你科学怀孕》 📮sysucceed@163.com  🐷🍐jojoyisheng1216 💙私❤️666领“远离炎症养护宝典”,1,0.00014520808473550428
252,6866617075,你别杀猪了,f,2210,368,False,,sj我一次你倒霉半年,1,0.00014438397230220158
253,2533837991,当然有戏__,m,305433,849,True,,人生就是一场戏，你在台上演戏，我在台下看戏。人生如戏，戏如人生，人生当然有戏！,1,0.0001437537014368671
254,7748657133,奕起熙欢猫猫吧,f,1824,381,True,超话粉丝钻咖（张函瑞超话）,☆⁺家有萌娃,4,0.00014113276483088854
255,5125646701,Dear宇宙之心,f,21813,709,True,娱乐博主 超话创作官（马天宇超话）,真爱宇至末年,0,0.0001375801890887378
256,1960785875,津云新闻,m,1127.3万,3145,True,津云新闻官方微博,津云新闻,2,0.00013713120637251023
257,5856341253,千颂伊oini,f,27,402,False,,🪸,0,0.00013603119871775262
258,7480824636,凰家实验室,f,1271120,460,True,凤凰网凰家实验室官方微博,用硬核态度，做有料评测。进粉丝群加：hjpc2020 合作邮箱：pcbyy@ifeng.com,7,0.00013596946359427131
259,5488211312,爱唱歌的小7,f,86.2万,8189,True,微博原创视频博主 微博VLOG博主 时尚博主 超话主持人（小鱼凌晨电台Vlog超话）,一个唱歌还不错的普通女孩，周杰伦的歌优先，想要听的歌置顶评论区，看到就会翻唱一下，dy：爱唱歌的小7  ，我是小7（推广合作私信）,2,0.00013388800778326001
260,1741538517,想冬眠的十万,f,19720,1810,False,,,0,0.00013354916613960701
261,7052975440,码了个马,f,32万,134,False,,,6,0.00013241231784947321
262,3200825142,Sia_非甜味鱼子酱,m,1795,1039,True,,姐的微博姐做主，指手画脚爹入土。,1,0.0001321476038410084
263,7429436746,晏少唯x,m,11225,1076,True,,内修心，外修金！,1,0.00012983523723381196
264,1435723965,医疗圈那点事,m,190.5万,300,True,健康达人 执业医师 健康博主,"医生申请美国绿卡,评估咨询加VX:cmsbzljs",2,0.0001293862545175844
265,1653603955,扬子晚报,f,2006.4万,1964,True,《扬子晚报》官方微博,江苏和中国发行量最大的晚报都市报。公信力、引导力、影响力，三个力量撑起勇担责任的扬子品牌,3,0.0001293862545175844
266,1677991972,晶报,m,1152.4万,679,True,深圳晶报官方微博,《晶报》官方微博。《晶报》是深圳报业集团主管、深圳晶报传媒有限公司出版的一份面向全国的都市类综合性日报。,7,0.0001293862545175844
267,2132297482,京兆扶风,m,2.1万,5215,True,衢州景星职业培训有限责任公司 培训部副主任 游戏博主 超话创作官（王者荣耀超话） 微博剪辑视频博主,多体谅他人的苦楚，就是让自己远离苦楚。,1,0.0001293862545175844
268,5482286569,环际军事,m,90.2万,69,True,军事博主,军事博主,2,0.0001293862545175844
269,6520165451,叮叮当爱吃糖,f,1,162,False,,,0,0.0001293862545175844
270,5995445316,Celeste玦,f,117,305,False,,逃离🏥,0,0.00012868613545704785
271,2431328567,微博热点,f,314.2万,2444,True,微博内容中心官方微博,微博内容中心官方微博,7,0.0001241971367747841
272,5662681414,sun起了我不起,f,16,327,False,,不清楚,0,0.0001226515137741706
273,3561653373,love邓小猫,f,47892,7773,True,,,1,0.00012164130266265856
274,6371931488,知雾iiiojz,f,24,50,False,,很幸运且顺利着,0,0.00011486557621129202
275,6458642686,井井有条大魚,f,20.7万,159,True,时尚博主,欢迎来到快乐基地✨喜欢挖掘各种好物 🔍研究变美干货 🧏🏻‍♀️肉脸是天生的不是胖！,6,0.00011465424966782185
276,5715111156,江苏大卫财经,m,1489,141,False,,这短短的一生，我们最终都会失去，你不如大胆一些做你想做的。,0,0.00011389635080773274
277,6377404902,o蜜桃薄巧o,f,1311,1612,False,,想发啥就发啥🤷,2,0.0001125409842331207
278,1403915120,科罗廖夫,m,681.3万,2014,True,2024微博年度新知博主,著名的军事作家，联合多名军事作家打造的《科大读书会》深受军迷朋友们喜爱。欢迎关注微信公众号：keluoliaofucn 【科罗廖夫的军事客厅】,2,0.00010978046210768644
279,6776097800,一个小小屁,f,17.2万,154,True,美妆博主,一个天天熬夜秃头种草博,7,0.0001092327833693738
280,2409482243,未来网,f,1210.1万,1698,True,未来网官方微博,未来网由党中央批示成立，是中央网信办批准的中央新闻网站，全国少工委新媒体工作平台。举报违规使用少先队标志标识：honglingjin1107@163.com,2,0.00010873304957111553
281,5691358782,就叫黄小凡,f,63.3万,511,True,数码博主 微博VLOG博主,合作请加UPLAB0401,1,0.00010072993265435882
282,1720962692,极目新闻,m,2291万,1872,True,楚天都市报极目新闻官方微博,全球眼，中国心，瞭望者，思想家,3,9.840644709788108e-05
283,7108221634,锦鲤与我的故事,f,1,52,False,,心情愉悦，吃嘛嘛香，身体倍棒,0,9.840644709788108e-05
284,7364248958,一眼啵,f,24264,833,True,,镇魂操/gay,1,9.840644709788108e-05
285,7896232493,弋熙云歌,m,1.4万,2077,True,娱乐博主 微博剪辑视频博主,散粉，剧粉➕路人粉，单纯欣赏lyx，不站队，不站粉圈，希望熙哥演艺事业蒸蒸日上！ lyx阳光，帅气，正能量满满，只为支持他！ 你诚我诚，你善我善。,1,9.840644709788108e-05
286,5995377165,我烊_Jackson,f,69,60,0,,平安喜乐,0,9.840644709788108e-05
287,6241669139,史密斯机批发总裁,f,45,126,False,,下次一定注意！,1,9.608296154140334e-05
288,6165797992,任嘉小雪儿,f,3.2万,2209,True,娱乐博主 微博剪辑视频博主,切勿直关，目前养耗，暂停互粉。 ｜ iMelodyDesigns｜2020年6月看了《锦衣之下》粉上任嘉伦｜,1,9.608296154140332e-05
289,3957350791,都市美丽富女,f,1971,135,False,,宜暴富，忌平庸。,6,9.242595414631462e-05
290,1457478803,脊梁in上海SH,m,132.8万,3114,True,本地新势力博主 人文艺术博主 微博原创视频博主,20年媒体从业，上海城市考古运营者，上海本地气象博主。纪录上海，热爱上海,2,9.236538465103893e-05
291,5797057768,诗卓卓丫,f,91618,2255,True,,谢谢关注😘,1,9.032475820578457e-05
292,2799368122,总裁视野,m,1568765,914,True,,“以微博之力，让世界更美” QQ：916658341,1,9.010828439617485e-05
293,6004020733,凌凛凛,f,61,333,False,,,2,8.926171981959894e-05
294,5798405420,一口七个香芋派,f,82,328,False,,,6,8.796770164289719e-05
295,7589828716,liynny_,f,1.7万,1411,True,娱乐博主 超话创作官（angelababy超话）,Angelababy 林一,5,8.522906440520162e-05
296,6004922847,敏敏敏小鱼,f,45,545,False,,无个人介绍(￣^￣),0,8.496942219294952e-05
297,6767402442,韦德飓风,f,527,1289,False,,愿一切表达与热爱都能光明正大,1,8.453288116644874e-05
298,7770877755,半阙诗仙,f,1.2万,524,True,娱乐博主,很讨厌看不到自己的转发区内容,1,8.329272676384012e-05
299,7363514549,仿生虚构小鱼,f,1,51,False,,,0,8.291654338802943e-05
300,7496237363,星期一远方天晴,f,34,1528,False,,,1,8.06753316467109e-05
301,3304893401,春城老哥,m,393351,1196,True,,弘扬正能量，人还是要有梦想的，万一实现了呢？,1,8.055552032204682e-05
302,6286643655,差评小菌,f,74.6万,131,True,美妆博主,我的奇妙生活,6,7.887257209806459e-05
303,7143437309,慕容弱小,f,44963,141,False,,常常期待 有时收获,0,7.775324215141222e-05
304,6078130335,郝美丽吔,f,89,259,False,,悟君子正道，守人间沧桑。,7,7.730698540167601e-05
305,7787554663,哎一古朝流,m,2.4万,983,True,动漫博主 超话创作官（动漫超话） 微博原创视频博主,,1,7.710782949683505e-05
306,5859146945,ATAO颜值上分中,f,155568,934,True,,我想当业余爱好中的专业人士💗,0,7.701101759864849e-05
307,3948572297,带灵归,f,81,78,False,,,4,7.5607883395151e-05
308,6569076166,股市财宝宝,f,60万,1019,True,财经观察官 财经博主 微博原创视频博主,职业交易员。,1,7.51715915331036e-05
309,2957820881,万像视频,m,1330.8万,667,False,,万像视频，包罗万象！服务社会读者，报道生活新鲜事儿，商务合作：SSbdyezi,7,7.284810597662585e-05
310,1751098697,钮钴禄屠戮玄武,f,351,181,False,,即使看尽人间霓虹变换，我也想与你并肩雪山之巅，与你追逐极光，相伴余生♡.,7,7.133087773142957e-05
311,5201172313,小初左,f,90,114,False,,蔡徐坤,1,7.129911560564068e-05
312,7963602326,安静白鹭写代码,f,1,141,False,,,0,7.052462042014811e-05
313,7742433435,嘿色-森林,f,3,46,False,,,1,6.95547570797565e-05
314,5361563575,微博媒体,m,629.6万,3235,True,媒体微博合作官方账号,新浪微博媒体合作官方账号，本账号将作为微博与各媒体沟通，交流、合作的平台。媒体合作请 @媒体微博合作，或私信我们，谢谢！,1,6.913052908626145e-05
315,1789040470,胡说扒道的Nikki,f,1.3万,580,False,,专利代理师︱实习律师，知产&amp;法律问题欢迎咨询，vx：Hjjaha_Capricorn  时刻清醒，常常自律，很少放弃,6,6.890186860292557e-05
316,1652484947,新快报,f,2636万,546,True,广东新快报社官方微博,《新快报》于1998年3月30日创刊，世界日报发行量前100强。报料热线：020-87776333 传真：020-87133901 发行热线：020-87133914,2,6.858838245641665e-05
317,7817487290,Drioformyself,f,501,67,False,,自由地,0,6.79429698018395e-05
318,3051949107,兰州微导航,m,1025050,1086,True,,兰州微导航，微博区域MCN机构，为您导航兰州新闻、兰州吃喝玩乐、兰州生活、兰州旅游等本地资讯。投稿、爆料、微博合作、本地商业合作请私信。,1,6.779034339013947e-05
319,5826047944,我的梦中情猴孙大圣,f,533,321,False,,不操心别人的事，也不用别人来分析我家的事。没有关系就是最好的关系,0,6.755857494529276e-05
320,5408653484,仁俊的火锅,f,18899,360,True,,备注:火锅 💛161203 铁血整肃 等仁俊回国🦊🍊7ˣᵏˣᵏᶜᵏ🥘#一直陪仁俊照亮世界#✨（❌cp ns)麻烦省省吧 随便吐槽 别sj我 别来沾边👊🏻,1,6.742663967817778e-05
321,5811521845,夜煞缄吻鲤,f,2720,711,True,,𝖸𝗈𝗎&𝖬𝖾,0,6.742663967817778e-05
322,6209092845,利刃空天,f,340121,58,True,,热门社会时事博主 微博原创视频博主 微博时评博主 ｜所有言论仅代表网络观点 与身份无关！所有在网上挂人引战 煽动网暴 一律下地狱！,1,6.742663967817778e-05
323,6442248058,JJJJft,f,164,37,False,,Nah.,0,6.742663967817778e-05
324,7318927836,泡泡娱乐坊,f,6,35,False,,走在成长的路上...,1,6.742663967817778e-05
325,7529272361,鹿念寻幽yul,f,4,57,False,,Shall I compare thee to a summer's day.,0,6.742663967817778e-05
326,7733503274,Burningfantasy,f,1,23,False,,get rich,0,6.742663967817778e-05
327,7784239019,kiku延雪江南祎,f,1773,1520,True,超话粉丝大咖（鞠婧祎超话）,鞠婧祎 非唠铁不互 单曲去丝,2,6.742663967817778e-05
328,7835897933,睡醒了吗D,f,13,124,False,,“Peace and love”,1,6.742663967817778e-05
329,7842685642,那你去薯呗_勇闯花街版,f,2737,120,True,超话粉丝钻咖（白鹿超话）,🈲dq 发现lh 可双 私信,2,6.742663967817778e-05
330,7881494195,王德发日记,f,2361,414,True,动漫博主,勇敢的人先享受世界,1,6.742663967817778e-05
331,7925706533,云相遇OG,f,1699,271,True,娱乐博主 超话粉丝钻咖（邵子恒超话）,英文名：Aurelia 🪼🪼 本人担POLARIX-邵子恒狠op！   0617号恒星报道！ 我是POLARIX老大🫶  最近好冷人设。,3,6.742663967817778e-05
332,7964634087,Deawzhizhi_,f,1101,653,False,,直关不回，私🈷️我,2,6.742663967817778e-05
333,1959185150,总裁精粹,m,166.3万,366,True,职场博主 超话主持人（总裁超话）,在这里寻找片刻的安静。   联系 QQ：916658341  声明:微博有原创有搬运，侵权请私信我删除。,2,6.665214449268519e-05
334,5648790156,河南科技大学,m,23万,515,True,河南科技大学官方微博,河南科技大学官方微博，发布权威信息，展示校园生活，服务师生校友，敬请关注和支持！,1,6.58776493071926e-05
335,6328313304,好老龚GDP,f,10757,1111,True,,一级建造师,1,6.355416375071486e-05
336,7670162388,宇宙中孤独且稀有的小星星,f,159925,3199,True,,做自己的光,1,6.161792578698341e-05
337,2783053135,龙猫自在,m,168321,367,True,,什么都略懂一点，生活更多彩一些。,1,6.16179257869834e-05
338,2157530024,懵懵柒柒_Crab,f,1923,189,False,,取关唔该移除 多撚谢,0,6.104247044811216e-05
339,1887790981,广州日报,m,2006.6万,3978,True,《广州日报》官方微博,追求最出色的新闻 塑造最具公信力媒体,2,6.0843430601490825e-05
340,7532769973,花姐姐1206,f,3,97,False,,喜欢没有黑料的，演技好的，长得好看的！,0,5.902169051907787e-05
341,7107913321,自洽定理,f,9.5万,756,True,微博原创视频博主,vx：ziqiadingli 🍑：自洽定理,8,5.751310130387271e-05
342,6895368722,吃栗子去耶,f,41,959,False,,,0,5.658370708128162e-05
343,1657987915,财富中文网,m,157.5万,482,True,《财富》（中文版）、财富中文网官方微博,《财富》（中文版）是全球权威财经杂志品牌美国《FORTUNE》杂志唯一授权的中文版，财富中文网是《财富》（中文版）唯一官方微博,0,5.6209367741626874e-05
344,5533227850,太阳老哥哥,f,43,84,False,,。,0,5.490563417938103e-05
345,5631979931,只是一个瞎想,f,68,387,False,,,0,5.3935636770244055e-05
346,6026921854,萤火虫在线,m,205693,20000,True,,只言片语，总有一分是你喜欢的,1,5.2091635005424647e-05
347,5226059926,漂泊的喷壶,m,1834,649,False,,正义化身的键盘侠,7,5.193673596832613e-05
348,2705169595,正能量彔,f,105.1万,363,True,教育博主,“以微博之力，让世界更美”。声明:微博有原创有搬运，侵权请私信我删除。,2,5.193673596832613e-05
349,5656304830,帆坨儿,f,59,163,0,,某知名啥也不是博主,0,5.193673596832612e-05
350,5942078088,王铁锤爱吃瓜,f,32549,488,True,,互联网搬砖民工  爱看书，爱旅行,1,5.077499319008725e-05
351,1642585887,新浪证券,m,466.3万,4358,1,新浪证券,新浪证券全方位报道中国证券市场，聚焦制度发展，点评行情走势，围观股市众生百态。主打产品：新浪财经APP。爆料、投稿请发私信或邮件ziben20@sina.cn,1,5.077499319008725e-05
352,1720462964,兰州新世相,m,1011153,2124,True,,投稿，信息咨询，合作事宜请私信。,1,5.064080713994658e-05
353,1656737654,现代快报,m,1427.1万,1597,True,现代快报官方微博,现代快报官方微博。以“讲真话办实事树正气”为办报宗旨、以“新新闻新文化”为特色定位的新型主流媒体。新闻报料热线：025-96060。,1,4.9613250411848376e-05
354,5386149032,-MacaBaka,f,49359,713,True,,听说快乐会传染,1,4.7357112262804766e-05
355,5684017110,尖峰辉哥,m,90120,10043,True,,自由是生命的灵魂！,1,4.728976485537063e-05
356,5101932978,能不能不洗头啊,f,225,560,False,,话真的很多,0,4.728976485537063e-05
357,6432965781,twi_xuan,f,117,419,False,,我仍深爱着素未谋面的你下一年我还这么说。ᯅ̈,0,4.6773434731708905e-05
358,2987075950,木生两枝,f,38,80,False,,只看资讯别管观点别带情绪，不吵架不吵架不吵架,1,4.6341008253142224e-05
359,7878138551,芭比babibo,f,35,204.0,False,,抱一丝喜欢辱追全kpop,0,4.5527788308375004e-05
360,6148776612,吴山居不养闲人,f,7,336,False,,喜欢小坏狗和大坏比格！/镇魂,1,4.41917841134003e-05
361,7681791530,是齐司礼的小狗狗,f,9,133,False,,镇魂,0,4.376150901034887e-05
362,5556131412,肖明啵啵,f,255,2007,False,,纯粹，美好，浪漫，温柔，细腻，长情，无法解释,0,4.27774885572834e-05
363,2033967337,听伱唱首歌,f,4845,1635,True,美食博主 微博原创视频博主,我一定会找你，披星戴月！私信早关了.镇魂,1,4.2720243260964396e-05
364,7782884695,南归孤夷,m,58.5万,193,True,互联网科技博主,国际国内资讯分享、主要方向湾湾、非专业军事迷、喜欢传统文化、传递正能量,2,4.264279374241514e-05
365,7791012610,月映_琼花,f,0,48,False,,,0,4.264279374241514e-05
366,7867453275,敖瑞你萌,f,30,246,False,,我老公叫小歪,2,4.264279374241513e-05
367,6933754019,批哩啪啦砰,f,22,193,False,,好人版,1,4.242888554832671e-05
368,1644916334,临界点BE,m,1975,126,False,,临于危局而不乱，界于洪涛而不惊，点于临界而自知方向！！！,1,4.1610133495091686e-05
369,6466748258,有酸辣土豆丝欸,f,4,28,False,,看看,0,4.025292288432374e-05
370,6456112198,喝一碗梨汤吧,f,20,193,False,,万事俱备会如愿以偿,0,3.9544813000444804e-05
371,5736920563,时小娜同学,f,271,1008,False,,本人唯一账号！爱笑的女孩运气不会太差,0,3.892521685205074e-05
372,7407392704,疯狂蘑菇大王,f,13,157,False,,算了你说地球是钉子做的我都会附和你了 毕竟真的有刺痛我 操。,0,3.891647977307668e-05
373,7442941564,kulomiyeeha,f,3119,176,False,,ʚ人民币重度依赖ɞ✟₊✞ 变美➕认知➕赚钱📓get everything视奸会s 越来越有钱越来越美丽越来越瘦越来越幸碎碎念 rich and beautiful 偷看者baobi,4,3.821710696817181e-05
374,5296676352,沦洛校园,f,4.5万,807,True,超话粉丝大咖（体育96529超话）,好好生活,1,3.799582262945964e-05
375,3625072975,拥抱的问号666666,f,27,185,False,,,1,3.792206118322225e-05
376,7314232834,蓝拖鞋本拖,f,22,137,False,,一名怀有梦想的中国人。平时喜欢追剧，唱歌。comeon,0,3.7737657567628774e-05
377,2114266013,-野火不熄-,f,49,216,False,,祸害遗万年 焺焺永不熄 🔥🔥🔥🔥🔥🔥🔥🔥🔥🔥,0,3.6895814974702054e-05
378,5849460554,粉雾海风吹万里,f,591,792.0,False,,欢愉且胜意，万事尽可期,2,3.6895814974702054e-05
379,2297062882,aieiemup,f,263,335,False,,,4,3.6511221542930326e-05
380,2105463730,二月风_43205,f,184,516,False,,,0,3.6446832258474474e-05
381,2687188353,最火大本营,f,168233,209,False,,2023最具影响力大V,1,3.6446832258474474e-05
382,3900089538,妈妈讲事会,f,10.1万,166,True,颜值博主 微博原创视频博主,,7,3.6446832258474474e-05
383,5616924668,高山论,m,1456,63,True,超话主持人（高山论超话） 财经博主 头条文章作者,高山论，论天下,0,3.6446832258474474e-05
384,6456670544,我是闪光大钻石,f,4,60,False,,大钻石的互联网记事簿 随手记下 谢谢你恰好也喜欢 （不定时发疯 但这里才是最真实的我,0,3.6446832258474474e-05
385,6580801794,AddRed,m,189,672,False,,每天发疯,0,3.6446832258474474e-05
386,6603273525,神明是否迷路,f,1,50,False,,,0,3.6446832258474474e-05
387,6606805643,霄笛飞鸣,m,68,202,0,,意外,0,3.6446832258474474e-05
388,6675595533,Uneroseunique,f,3,54,False,,连雨不知春去，一晴方觉夏深,0,3.6446832258474474e-05
389,7472808083,大湾区新闻,m,100.6万,522,True,深圳报业集团大湾区新闻官方微博,深圳报业集团视听中心官方微博,6,3.6446832258474474e-05
390,7492754511,用户7492754511,f,1,105,False,,,0,3.6446832258474474e-05
391,7734177110,大白兔叽吖DAYTOY,f,1,351,False,,我很懒，啥也没留下来（carpe  diem!）₍ᐢ..ᐢ₎,0,3.6446832258474474e-05
392,7737401933,鸭桉ya_,f,1051,1105,True,娱乐博主 超话粉丝钻咖（闫桉超话）,平平桉桉，顺薪顺意,2,3.6446832258474474e-05
393,7745077925,小含欧尼-,f,10,79,False,,那就做个快乐的笨蛋咯,1,3.6446832258474474e-05
394,7801058380,兜苒鸢桧-Ran,f,3339,441,True,娱乐博主,请容许我小小的骄傲 因为有你这样的依靠,1,3.6446832258474474e-05
395,7801495169,清风_1213,m,6,4,False,,,0,3.6446832258474474e-05
396,7902540224,橙子栀i奕,f,1339,1401,True,娱乐博主 超话粉丝钻咖（王奕超话）,一直陪着你是我对你许下的承诺🍋@SNH48-王奕 @一个优雅的挑水人,1,3.6446832258474474e-05
397,7909276699,小羊打嗝挖,f,1,59,False,,👧在校大学生小女孩一枚  22级广编在读~,0,3.6446832258474474e-05
398,7920843437,piano-墨,f,720,889,True,超话粉丝钻咖（张子墨超话）,墨水月月，sx续火的来，单曲滚，单曲我直接拉黑😓，要回sx说，别单曲我,1,3.6446832258474474e-05
399,7935132258,7w_千一只墨墨羊-,f,602,773,False,,奇函 奇文 子墨,1,3.6446832258474474e-05
400,7952907841,希望_115,m,17,30,False,,喜欢王楚钦🦁 日常冲浪🌊 见过楚钦版 喜欢分享日常🌸 狮子王，未来见✌🏻,1,3.6446832258474474e-05
401,6067943285,用户1005960023,f,111,176,False,,今晚月色真美/镇魂 畅所欲言的地方,1,3.599107163008846e-05
402,6262579318,乔茸茸_,f,521,574.0,False,,晚风吻尽荷花叶,6,3.556169490362581e-05
403,6355705838,美妆桃小记,f,18.5万,47,False,,,6,3.5414172011151033e-05
404,6132353434,一江锦,f,1万,796,1,游戏博主 超话小主持人（王者荣耀小乔超话）,骂我？祝你推gay变直，直变gay |  事事顺心 一定发财,0,3.521701003576414e-05
405,6026837121,星喜星悦,f,131,781,False,,2014.5.31至今  不吵架   大家快快乐乐的和他们一起走向更好的未来  不混粉圈  互相分享         毕业打工人   努力挣钱去见他们！！！！,5,3.49814567606267e-05
406,6703158402,半夏微凉neo,f,1.2万,748,True,超话粉丝大咖（侯明昊超话） 微博剪辑视频博主,侯明昊唯粉，🈲快转 🈲单曲，单曲拉嘿！可sx茴关,1,3.4897841887489316e-05
407,2808477944,只是乖巧是不够的,f,102,72,False,,爱睡觉和爱美丽就是爱自己,1,3.4897841887489316e-05
408,6221870343,·橘洲·,f,1452,1231,False,,少管我,1,3.4897841887489316e-05
409,7362070304,十级金牌冲浪手,f,434006,154,True,,知名搞笑幽默博主,1,3.489784188748931e-05
410,7725878775,千宝不熬夜,f,10,54.0,False,,永远的主队   hero 3.98,1,3.412334670199673e-05
411,5418932615,老绿汤,f,49,1588,False,,情绪不稳定，看到请拉黑。极端厌男，以后养宠物都不会养公的（骂人不积口德望周知）,0,3.4086465978878034e-05
412,2688527814,v莫林,f,82,66,False,,#没话找话,1,3.396492723223688e-05
413,6432994695,Tyro1871,m,139,406,0,,Commie 反资本主义 反父权制,0,3.3348851516504145e-05
414,7479639644,林贝的大house,f,6,583,False,,,0,3.206826329244105e-05
415,3255926511,----WKYXL,f,41,197,False,,就这样吧。,1,3.142330896247711e-05
416,6225990601,华哥评论,m,428.3万,266,True,军事博主 头条文章作者,正能量博主,2,3.118026499712492e-05
417,5380501825,昌江发布,m,160632,10841,True,,关注民生，关心民意，贴心服务,1,3.10253659600264e-05
418,6088452989,大yan不馋,f,7,242,False,,,1,3.0967278821114455e-05
419,5173239667,兰州新城事,f,487528,1737,True,,兰州微传媒，微博MCN机构成员，本地新闻、吃喝玩乐、旅游等资讯。投稿、爆料请私信小编。微博合作、本地商业合作私信留下联系方式！,1,3.059482360535816e-05
420,5631600028,心想是晨0222,f,87,126,False,,日日是好日❤,0,3.0250870774533822e-05
421,6004281123,梨视频,m,2637.8万,3095,True,资讯短视频平台,［视频报料邮箱］：yishou@pearvideo.com；［自媒体入驻网址］：http://www.pearvideo.com/join,4,2.9734540650872098e-05
422,6630268718,真无语_-,f,66,1069,False,,,1,2.9476375589041233e-05
423,5124416996,Mahogany123,f,53,106,False,,时代在召唤,1,2.9398926070491978e-05
424,5694001721,啊啊啊哈哈哈哈啊啊啊啊啊啊啊,m,36,230,False,,,0,2.9365733419685146e-05
425,7377653494,_山融_,m,329,197,0,,见面了，好巧！幸相逢。 画手，wb主要是存图之类的，可能不太说话。活跃的地方→老福特/b站：丶山融丶,0,2.883096293446408e-05
426,2176026017,阿念Sikay,f,267472,1463,True,武汉博主 作家 代表作《武汉女孩阿念日记》 颜值博主 微博原创视频博主,曾有个名字，叫“火神山女孩”。,0,2.870188040354865e-05
427,3871446734,小小小小96,f,66,514.0,False,,么么哒！,1,2.870188040354865e-05
428,2098945447,温轻衾·师太,f,3334,,False,,纸砚Zyan的迷妹 剑网3官方劝退玩家 yys满级小白崽崽 诛仙世界唯我独尊废柴影合欢 鹅鸭杀铁好人 &amp;Jay和JJ是童年最爱✨剧本杀沙雕玩家❗️,8,2.870188040354865e-05
429,7828986579,等我杀个番茄,f,5.7万,245,True,设计美学博主 超话创作官（壁纸超话） 微博剪辑视频博主,🍅壁纸、背景图、头像无水印分享(๑¯∀¯๑),2,2.870188040354865e-05
430,1914327233,Chestnuts数栗子,f,1324,1126.0,False,,能忍，但是绝情,1,2.870188040354865e-05
431,2861202371,不吃晚餐我会瘦,f,284,126,False,,青春日记本,0,2.870188040354865e-05
432,6020439799,洋洋得亿yydy,f,503,75,False,,.,1,2.8688417127289785e-05
433,5543318062,不说了老婆孩子找了,f,861,916.0,False,,是个主体/有女友/喜欢女的/请不要臆想我任何拉郎,6,2.8149631662588728e-05
434,6335291759,冠希许van强,m,21,110,False,,数据女工纯路边,1,2.8056467748971497e-05
435,7309335726,半山静水,m,2.9万,9161,True,头条文章作者,只要用心，我们就能发现美，就能感受温暖！,1,2.7927385218056064e-05
436,1065866695,瑷澜,f,412,309,0,,多喜乐，长安宁� （因为阿随打开的微博小世界）,0,2.7753123801320243e-05
437,7209422170,尾鱼0416,f,49,38,False,,面向阳光，就不会有阴影,2,2.763442934074991e-05
438,3736142854,羊麦麦咩,f,2970,407,False,,浪漫的365天,0,2.7540137625309776e-05
439,7511090499,星月浅秋,f,55,138,False,,最是人间留不住，朱颜辞镜花辞树。,0,2.689628530901842e-05
440,5545142242,挖米公主,f,376,118,False,,小挖的内心世界,1,2.6681458180524524e-05
441,6157699162,倩儿宝宝921,f,11,155,False,,,1,2.6311934979719748e-05
442,3309684541,美式黄豆粉,f,47,71,0,,善坐明堂,0,2.6267752677714823e-05
443,6844815048,看见别人吵架就烦,f,103,123,False,,,0,2.5692413397063188e-05
444,6864133100,今月何时照我还,f,39,486.0,False,,互联网陌生人,3,2.5681349180127575e-05
445,6986794157,看完大球看小球,m,139345,1972,True,,什么都发，什么比赛都看，视频源自互联网转载，侵删,1,2.560389966157832e-05
446,6476952301,二四六九y,f,31,827,False,,要开心呀！,0,2.5294101587381287e-05
447,2827434164,冰晶的天涯,f,75,103,False,,2025，冲冲冲！,1,2.5216652068832033e-05
448,6210444207,秋丘球仇,f,68,207,False,,唯爱刘雨昕&黄东萍,1,2.513920255028277e-05
449,6540791740,哆啦A梦在平行时空-,f,26,8,False,,性格古怪、脾气还不小。,0,2.5031964755368416e-05
450,6582141277,柒月西溪,f,17.4万,795,True,超话创作官（韩剧超话） 微博原创视频博主,即使我们不能创造快乐，我们也应该去感受快乐,2,2.4984303513184254e-05
451,5723872990,犯二的小师妹,f,67,83,False,,缘聚缘散，缘浅缘深，随缘惜缘莫攀缘,0,2.4528542884798235e-05
452,6084482143,快乐小蛆蛆,f,298,637.0,False,,Because it is destined.,5,2.4122256698027293e-05
453,6705143807,沉默寡那个言,f,2,436,False,,若合我意，一切都好,0,2.405490929059316e-05
454,1957763245,飯飯元气满满,f,646,616,False,,本命食食食，偶尔毒舌、是只小米糕、老年番党，正在饲养一只帝王企鹅，喜欢跟妹子说八卦的小贱货人妻(๑•̀ㅂ•́)و✧,0,2.405490929059316e-05
455,6046224973,氧化锌在线避雷,f,13,111,0,,昔大王在此,0,2.405490929059316e-05
456,1015528287,小奶牛Kitty,f,924,248,False,,,0,2.405490929059316e-05
457,2678916791,本子里的糖纸,f,339,353,False,,我喜欢努力又好看的人们，快乐追星，拒绝吵架！,0,2.405490929059316e-05
458,5824443175,生姜不吃蒜,m,38,50.0,False,,罗刹嘿嘿嘿我的罗刹奶爸,0,2.405490929059316e-05
459,1944375784,大象搬砖,m,103.9万,1221,True,军事博主 超话粉丝大咖（军事超话） 视频博主 头条文章作者,,2,2.405490929059316e-05
460,7751853694,乱圆詩,f,2338,1053,True,超话粉丝钻咖（张元英超话）,ᐡ o̴̶̷̤ ﻌ o̴̶̷̤ ᐡ,5,2.405490929059316e-05
461,5452114235,朱迪影湘馆,f,3.1万,520,True,电影博主 超话粉丝大咖（朱一龙超话） 微博剪辑视频博主,一縷香魂隨風散，三更不曾入夢來。【迪幻婼】,1,2.405490929059316e-05
462,3502380084,虞子周,f,443,2119,False,,遇见不一样的自己,0,2.405490929059316e-05
463,6393467325,纳豆_椰汁,f,125,437,False,,要一直相信张真源呐,5,2.405490929059316e-05
464,5517242916,凉笙梁梦,f,21,86,False,,,0,2.405490929059316e-05
465,3915104302,丸子酱姜酱,m,2087,239,False,,人生勺勺 说不定下一勺是可乐味的呢,1,2.4006503341499875e-05
466,3979480186,啷啷哩个啷哩,f,20,185,0,,……,0,2.3990368025135444e-05
467,7306072035,Gypsophila阿柒,f,9,207,False,,感受星星的光芒,0,2.3977459772043897e-05
468,6993758853,夏日晴海-,f,32,320,False,,晚来天欲雪,1,2.3693979495412145e-05
469,6563565845,小柔_orb,f,108,428,0,,说思念太丢脸 说明天太冒险,0,2.365082484598834e-05
470,7740254472,x美丽未婚妻x,f,50,363,False,,哦,0,2.334776151253471e-05
471,7277032363,战斗战斗战斗吧,f,51,102,False,,探自己，看世界,1,2.2893166512354285e-05
472,5348922917,粗心的花盆,f,147,78,False,,穷,6,2.2699542715981138e-05
473,5840047378,西湖醋鱼和虾婆婆,f,71,502,0,,,0,2.250591891960799e-05
474,7489819564,是骁不是潇,f,23,233,False,,发疯根据地,0,2.2395276750251908e-05
475,7342574561,深海珊瑚橙,m,2,48,False,,镇魂丨挡住的自行车一个色,0,2.232520337632639e-05
476,2688119490,Yixin_啵啵村原住民,f,880,639,False,,BBH｜边伯贤,7,2.2312295123234843e-05
477,2380313871,晏欲说,f,240,391,False,,薄凉喜欢肖兔兔,2,2.2196120845410958e-05
478,7834232382,小鹿Violeta,f,61068,82,False,,✨你会幸运 幸福 健康 快乐 心想事成✨   （私信已关，一直都是关着的没开过，并不是最近才关的）,0,2.2088883050496596e-05
479,2753280997,青苹果冰美式脆啵啵kaka,f,837,5996,False,,你猜,6,2.205064134435222e-05
480,6035828903,太亮流星,m,17,455,False,,从头再来,0,2.2008029157505617e-05
481,3696674870,小熔,f,199,60,False,,我要我快乐˗ˋˏᰔᩚˎˊ˗ 新建文件夹,0,2.1798771141549542e-05
482,3977445841,懒羊羊的背带裤,f,64,45.0,False,,人生路漫漫，开心幸福最重要(^３^),0,2.1731423734115408e-05
483,7193391489,珂兰i,f,331,1224,False,,我思故我在…,7,2.1731423734115408e-05
484,5261552031,早见沙棘,f,132,559,0,,镇魂 |微博废话bb机�,1,2.169269897484078e-05
485,7233923216,呼噜了啦,f,1万,430,True,超话创作官（张泽禹超话）,家有小狗宝宝啦@TOP登陆少年-张泽禹,1,2.1620412757528138e-05
486,7338506918,单车小朋,f,428442,5720,True,,一起骑车吗？,1,2.139949722604716e-05
487,3832880066,XX__XXRXX_XX,f,20,464,False,,-_-||,0,2.100118541636526e-05
488,7415270802,丙烯拿铁kaku,f,19,522,False,,好好的,1,2.0647130474425793e-05
489,7543692208,蓝山知更,f,1,188,False,,,0,2.0637028363310672e-05
490,3150740103,棉花糖别吃,f,72,464,False,,重度拖延症患者，喜欢深更半夜诈尸更文。 蓝忘机魏无羡天生一对天命道侣不接受反驳！ 只产出原著忘羡，拆逆蟹脚梦三代餐的gun粗去！！(╬◣ω◢),0,2.0596698229789068e-05
491,6223093581,邪恶的香八佬,f,143,339,False,,[微信红包]心情不好  撒点钱,4,2.0569680955876534e-05
492,7682605078,穿破洞牛仔裤的塔塔zoe,f,5,33,False,,,0,2.050513969041882e-05
493,7595536239,Bunnybearrrr,f,58,421,False,,//镇魂。只是不想被误解得太厉害,0,2.0405578276439204e-05
494,1729986165,我就是单纯的想改个名_YJ是初心,f,21,171,False,,这是一条躺平求暴富的咸鱼。,1,2.033733240022876e-05
495,7214489947,啥吃门睡,f,41,195,False,,好好爱自己,0,2.033733240022876e-05
496,1523658442,社恐星人肥小思,f,388,401,False,,把微博当盆友圈发的丧偶ISFP-T,0,2.0071791193774157e-05
497,5616158994,铁汉柔情V8,f,50,102,False,,只想干饭！,0,1.9988809566757096e-05
498,2465225522,鹰眼见闻录,m,101068,2653,True,,故事未必夺人眼球，但正在发生，我们致力于此。,0,1.992426830129938e-05
499,6747762899,夏昼清醒梦,f,953,863,True,超话粉丝大咖（休宁凯超话）,点进来可以看到一个绝望的入 我是gay,4,1.992426830129938e-05
500,5747228912,甜栗滋滋,f,110,278,False,,Do or die,4,1.9727155787874465e-05
501,7556818718,又是梦想暴富的超无敌富婆,f,7,155,False,,,1,1.9561241414216615e-05
502,5663122911,夏翡,f,24.5万,2553,True,旅游博主 超话主持人（微博社区委员会超话） 微博原创视频博主 头条文章作者,旅游出行领域,2,1.940793817763766e-05
503,7761766691,RGB黑,f,3,160,False,,,0,1.940793817763766e-05
504,1748623474,摘颗星星糖Leo,f,1.4万,954,True,娱乐博主 超话粉丝钻咖（吴磊超话） 微博剪辑视频博主,小小散粉一枚 💫产出不易🚫二改🈲快转,1,1.940793817763766e-05
505,3186080274,成-长记录,f,357,349,0,,没事聊聊辅食，聊聊育儿，聊聊宠物,0,1.940793817763766e-05
506,6849915621,江苏政法,f,31.2万,605,True,中共江苏省委政法委员会官方微博,讲好政法故事，守护平安江苏。你还可以关注“江苏政法”微信公众号（jszfwx），搜索“江苏长安网”进行投稿交流。投稿信箱：jszfxc@163.com,1,1.940793817763766e-05
507,6571238281,Anannao,f,74,537,False,,画得春山眉样好，百年有结是同心,0,1.940793817763766e-05
508,1661261710,小狮子爱夏,f,266,247,False,,过程留给自己，结果交给命运。,0,1.940793817763766e-05
509,5625705893,这让我看见我都得寻思寻思,f,1402,1059,False,,镇魂 和养成系的14岁15岁合葬,5,1.940793817763766e-05
510,3350866162,阿宅退休进度加一,f,470,552,False,,做自己的保护神！防搜：gay,7,1.940793817763766e-05
511,7859103065,我叫李愿不叫李想,f,11,40,False,,活该你被霸0😘,0,1.940793817763766e-05
512,3482709854,醇咖Kkk,f,111,238,False,,品鉴型吃🍉群众，间歇性吐槽🙄,0,1.940793817763766e-05
513,7896568010,可一定要爱我呀,m,25,1247,0,,gb（精神身体）  拒：精神bg别来离我远点  记住一句话，普通人之间很少有爱情，他们的目的是底层女性的性和子宫,0,1.940793817763766e-05
514,6613071884,小红薯1008611,f,70,416,False,,不认识别关注 会移除不好意思哈,0,1.940793817763766e-05
515,5609470976,寂寂悠悠,f,4920,407,True,游戏博主 超话创作官（第五人格超话）,信仰马列毛共产主义! 小女孩“回忆”是小天使小精灵乖宝宝! 音乐偏爱女歌手不限流行/民族/古典，低音中音高音女歌手都偏爱!,3,1.940793817763766e-05
516,6995219639,没时差的雨,f,21,427,False,,我们站在光下，看暗处都反光。,0,1.940793817763766e-05
517,6509575277,这个木,f,8,485.0,False,,让花成花，让树成树。,0,1.940793817763766e-05
518,5173117491,在存在主义咖啡馆,f,1878,584,False,,长恨春归无觅处,6,1.940793817763766e-05
519,7833317575,凌冽的風吹打在肩,f,1514,763,True,动漫博主,看我干嘛ᗜ 𖥦 ᗜ,2,1.940793817763766e-05
520,6599975861,斗志斗不过温暖棉被,f,16,513,False,,往日思量 付之空谈,1,1.919926704623209e-05
521,6333793860,李李yiouio,f,164,337,False,,塞翁失马 焉知非福,2,1.9194029983549236e-05
522,5586425261,可以被cxh翻牌嘛,m,23,213,False,,接约拍～～,3,1.9175589621989886e-05
523,5177145179,沈未浼,f,75,408,False,,为未来奔忙,0,1.9100151779247103e-05
524,5272999347,S_shutttt,f,87,418,False,,🐏🐏🐏🐏🐏,0,1.886227111513152e-05
525,7765770125,天天都很烦bot,f,10,63,False,,,0,1.8846429168155538e-05
526,1775194575,蘑哩蘑菇丶,f,350,547,False,,ヽ(ﾟ▽ﾟ)ノ哦，是咸鱼吐槽日记啊。,0,1.8710892510694337e-05
527,6195908190,竹竹喜欢颖宝宝,f,63,23,False,,赵丽颖的小宝贝,1,1.86340762382654e-05
528,1268941197,深山里的妖狐,m,39.4万,1575,True,教育博主 头条文章作者,👮控，🚗迷，自愿分享法考、考研等学习资料，温和点评各类时事……,2,1.863344299214508e-05
529,5341003961,小陈的快碎碎念,f,206,258,0,,滚,0,1.859976928842801e-05
530,7509976301,今天锦鲤附体2,f,4,375,False,,,0,1.8250621086173028e-05
531,5920628133,满满慢慢漫漫曼曼蔓蔓,f,17,125,False,,,1,1.806011538729992e-05
532,7388320471,看日出日落而息,f,10,142,False,,謝謝你願意聽我的碎碎廢話,1,1.790320467439493e-05
533,1849586763,喝汽水味奶茶,f,639,203,False,,快乐社恐碎嘴美女 以及 Karma is REAL,1,1.78476031898922e-05
534,1751232435,NigHt_9,f,2216,2053,False,,取关移除粉丝，单取拉黑,0,1.7732671417713486e-05
535,6040950287,涂鸦叽单推,f,7072,944,True,游戏博主,摸摸小鱼头万事都不愁𓆝𓆟𓆜𓆞𓆝𓆟𓆜𓆞,1,1.7506904540519504e-05
536,7317400552,餅崽馬甲掉了嗎,f,33,373,False,,今天努力拼搏   明天八个男模,0,1.7471700213906205e-05
537,7484735541,轻爱研习社,f,4.6万,161,False,,两性科普/ 🔟年＋小文具体验者/ 💗1V1个性化推荐/ 公主号同名/🛰️siling667,1,1.7084452621159914e-05
538,1750070171,36氪,m,346.2万,950,True,36氪官方微博,36氪聚焦科技、互联网、创投、新经济、职场五大领域，提供新锐深度的商业报道。我们强调趋势与价值，我们的slogan是：让一部分人先看到未来。,1,1.7084452621159914e-05
539,6604558712,主持人程皓,m,37万,4,True,媒体人 微博新知博主,,1,1.7084452621159914e-05
540,7553486582,o3o困困慧,f,1335,407,True,游戏博主 超话创作官（低频超话）,水印在超话～ 痘印：小慧喵喵,1,1.7084452621159914e-05
541,5025207200,hHa-eey,m,212,362.0,False,,管好你自己 看什么看,6,1.7084452621159914e-05
542,5440729250,只在微博上蹦迪的女几,f,130,797,False,,停止精神内耗,2,1.6806644565494093e-05
543,7574438230,Pia叽摔了,f,15,648,False,,不回消息很正常 你见哪个捡垃圾的不忙～,1,1.6664012377606798e-05
544,2437574350,宸宸annie,f,177,1324.0,False,,to be yourslef.,0,1.662264182732583e-05
545,7034914903,爱狗护狗手册-,f,2082,1819,True,,愛してる♡,1,1.630995743566733e-05
546,7793031263,玉米且小麸64,m,250,293,False,,微博不知名Jellycat博主，查成分请搜“博主成分”,1,1.630995743566733e-05
547,6962039995,如酱万事屋_,f,878,1349,0,,૮꒰˶ฅ́˘ฅ̀˶꒱ა,0,1.630995743566733e-05
548,1758223755,楽巫鹿,f,708,731,False,,和自己友好相处，是终生的命题。,0,1.6206691410934986e-05
549,6431485426,每天有钱花哈哈,f,60,499,False,,积善成德而神明自得,1,1.619931526631125e-05
550,2512540110,Christ昕,f,401,755.0,False,,问题儿童➕纠结星人➕路痴➕脸盲,1,1.5990057250355177e-05
551,2042834457,躺赢的富婆xy,f,4.1万,317,False,,躺赢 国强民富 风调雨顺 世界和平～,7,1.598557471187336e-05
552,7490733899,杨国福麻辣烫233,f,19,158,False,,爱放屁,0,1.592270984292104e-05
553,7812786429,狮子座女生永不服输,f,9,12,False,,去阅书去越山去悦己，槿花一日自为荣。,0,1.588398508364641e-05
554,7314121309,千万人赴宴·1640,f,104,286,False,,🍊未曾改变且坚定，我永远都在。,0,1.5858168577463325e-05
555,6078741618,无所不能的霜叶同志,f,50,259,0,,东风吹得云雾散，无限风光在险峰。,0,1.5858168577463325e-05
556,6417326198,与博揽月,f,2.2万,892,True,娱乐博主,在备考。,1,1.5847272000178256e-05
557,7414568777,余生只要先生,f,6,196,False,,我以我心，爱我所爱,2,1.5741994299639436e-05
558,3347659184,Sophia依娜,f,1616,295,False,,Do what you most want to do.  做热爱的事❤️,0,1.5690361287273265e-05
559,3190081570,火爸朱剑笛,m,2676641,366,True,育婴员 母婴育儿博主,育儿和医学知识最丰富的汽车博主。科普书《你的孩子打对疫苗了吗》的联合作者。,0,1.5690361287273265e-05
560,6326678052,皮蛋soolo粥,f,418,1341,False,,,0,1.553546225017475e-05
561,6115245236,咕噜噜噜lulu_,f,10836,765,True,,每天都想吃吃吃,0,1.5444118133613328e-05
562,5751061863,花落相思泪余霜,f,162,717,False,,,1,1.5395031804453566e-05
563,6486085710,土豆土豆你是炸薯条W,m,165,1094,False,,脚踏实地,1,1.5350774936711132e-05
564,5569020387,白枫树暴风生白番薯,f,1774,260.0,True,超话粉丝钻咖（薛凯琪超话）,人生三大事追星遛弯中彩票,4,1.53418384538016e-05
565,6763870294,重度嗜T症,f,383,370,False,,喜欢一个善良小甜豆,1,1.5277297188343887e-05
566,7382394266,阿隐阿隐,m,75,88,0,,,0,1.5277297188343887e-05
567,3485107190,快乐的佳娃,f,790,1783,False,,do do do it,6,1.5277297188343887e-05
568,2278692327,罗思文医生,m,109万,1099,True,外科医生 健康博主 微博原创视频博主 超话主持人（肝罗健康课堂超话） 头条文章作者 问答答主,三甲医院肝胆外科主治医师，健康科普专家库专家，中国抗癌协会会员，中国科普作家协会会员,1,1.5277297188343887e-05
569,5537471620,小太阳姝阳,f,54,1008,True,,长风破浪会有时，直挂云帆济沧海。,0,1.5264388935252343e-05
570,7573862164,掐一枝新芽,f,81,257,False,,今天你吃药了吗？,1,1.5247792609848931e-05
571,2294384810,阿离是我的小棉袄cc,f,166,574,False,,爱好美食 爱萌宠以及画画,0,1.5225664175977716e-05
572,2338139510,赤茶色曼特宁,f,1400,138,True,微博原创视频博主,明天就戒张信哲,1,1.5203667458974778e-05
573,6300590382,北边的西红柿,f,5,408,False,,没啥好说快乐冲浪🏄🏻‍♀️🏄🏻‍♀️🏄🏻‍♀️🏄🏻‍♀️🏄🏻‍♀️🏄🏻‍♀️🏄🏻‍♀️,1,1.498225140339433e-05
574,5049514766,熊柿炒蛋鉴赏家,f,815,105,False,,生活的意义在于看美女和搞钱。无聊慎关/话痨但自闭/圈很杂,1,1.498225140339433e-05
575,5625223754,馄饨和喵,f,345,494,False,,嘻嘻哈哈咿咿呀呀,0,1.4915866101780681e-05
576,6536745198,小华比较甜,f,322,525,False,,,3,1.4915866101780681e-05
577,2630872361,文科行理科也行,m,204,748,0,,你关注的龚俊Simon也关注了他,1,1.4828314472116302e-05
578,5693702760,鱼于羽瑜,f,43,749,False,,熬夜修仙，勤奋向上,0,1.4760967064682165e-05
579,7203574571,过激兔吹bot_,f,263,275,False,,属性：菜，喷子，尖叫鸡，柠檬精，复读机，有害垃圾,7,1.4760967064682165e-05
580,7418550537,美式有点甜cfq,f,1,13.0,False,,,0,1.4760967064682165e-05
581,7517399466,你是我的半影,f,35,315,False,,,4,1.4760967064682165e-05
582,1408169285,桥北路零号,m,168237,1592,True,头条文章作者,好看、有趣、有价值，让我们尝试读懂理解这个时代。,0,1.4760967064682165e-05
583,1735246752,鱼柚一,f,859,180.0,False,,一个神经病的自嗨。,1,1.4760967064682165e-05
584,1964410315,少喝抹茶瑞纳冰,f,256,269,False,,吾将上下而求索,7,1.4760967064682165e-05
585,5692127569,或撇不撇吧,f,969,461.0,False,,负面情绪处理地。,1,1.4760967064682165e-05
586,5109902461,要做傻甜甜肥肥的小朋友,m,64,275,False,,炫夫狂魔～,2,1.4760967064682165e-05
587,3121521542,少年猛小徐,f,432,877,False,,做一个有温度的人，心中有爱，眼里有光,1,1.4760967064682165e-05
588,5858429022,长安未落8888,f,199,588.0,True,超话粉丝钻咖（陈瑶超话）,,2,1.4760967064682165e-05
589,6362236981,日青1127,f,232,607.0,False,,愿所有的美好都如期而至 爱自己 爱千玺 爱int,1,1.4760967064682165e-05
590,5261648265,自律克己爱自己哦,m,168,826,False,,你是自己的太阳，无需借助谁的光。,0,1.4760967064682165e-05
591,7862263356,今年要发疯啊,f,29,70,0,,小号没有认识的人，希望活的自由自在,0,1.4760967064682165e-05
592,2106431187,馨香一片照我心,f,487,1037,False,,虽无啸与歌，咏言有余馨。,1,1.4760967064682165e-05
593,6536375751,猫九儿r-,f,25,69.0,False,,,6,1.4760967064682165e-05
594,6408463447,今天也要磕cp,f,22,246.0,False,,,0,1.4760967064682165e-05
595,5629689515,秋海SAMA,f,12,207,False,,,0,1.4760967064682165e-05
596,2441827404,不要吃小兔子,f,400,348,False,,兔兔这么可爱为什么要吃兔兔,6,1.4760967064682165e-05
597,5868339614,我不爱吃饭uu,f,1059,284,False,,我滴杂乱日记(^з^),7,1.4760967064682165e-05
598,5948577518,崔原钠钠,m,20,110,False,,,0,1.4760967064682165e-05
599,7805427306,重生之在人间装大人,m,7,145.0,False,,最好金龟换酒,1,1.4760967064682165e-05
600,5974764958,粉墨在堤,f,1.4万,1267,True,娱乐博主 超话粉丝钻咖（王鹤棣超话） 微博剪辑视频博主,产出区的图和视频，要是想拿去其他平台安利棣棣的，可以直接拿。视频可以私我发。唯一要求就是不能截水印,1,1.4760967064682165e-05
601,5475521308,中娱日记,f,1.7万,822,False,,微博中的图片和视频来源于网络 如有侵权私信删除,6,1.4760967064682165e-05
602,5650279628,柳依妹er,f,200,183,False,,让自己幸福快乐，这是计划的一部分,0,1.4760967064682165e-05
603,6861951064,池墨鲤亭,f,62,97,False,,,6,1.4760967064682165e-05
604,5256230026,love06-,f,70,43.0,False,,平安喜乐 万事胜意,0,1.4760967064682165e-05
605,6476024006,-o7snll,f,680,236,False,,(新建文件夹gayety LGBT),0,1.4760967064682165e-05
606,6008947029,于言诺,f,16,72.0,False,,奥利吉奈尔区补给社欢迎各位！,0,1.4760967064682165e-05
607,7301894785,枕头上的小人,f,1,32,False,,,0,1.4760967064682165e-05
608,7922470519,KKKinzey,m,1204,895,True,,GAY 别忘记我,1,1.4760967064682165e-05
609,7803640123,PhantoscopeTE,m,2039,566,True,,崩坏星穹铁道四万了,1,1.4760967064682165e-05
610,6020310847,每天喝三杯珍珠奶茶,f,239,301,False,,阶级矛盾是社会的终极矛盾,0,1.4760967064682165e-05
611,7513345641,咔哇kawer,m,2,98,False,,SB  滚,1,1.4760967064682165e-05
612,3677862342,PEIANTING佩安婷,f,1.2万,17,False,,佛山市佩安婷卫生用品实业有限公司,0,1.4760967064682165e-05
613,7950030525,喵喵杂食官,f,6,4.0,False,,冲冲冲！涨粉涨粉 感恩每一个关注我的宝子。,1,1.4760967064682165e-05
614,6396684637,白麻薯布丁-菲,f,68,143,False,,,1,1.4760967064682165e-05
615,6011199901,溜溜去哪儿,f,78,642,False,,顺其自然！,1,1.4760967064682165e-05
616,1117435711,辣嘴刻薄姐说事,f,30,60,False,,笑看生活百态,0,1.4760967064682165e-05
617,5666197368,唇珠别评论我,f,49,654,False,,美女/音乐是救世主 /天真永不消逝，浪漫至死不渝/讨坏型人格/男的别来沾边/悲观者正确,1,1.4760967064682165e-05
618,7058864427,不想解释快吃你的,f,10,728,False,,,1,1.4760967064682165e-05
619,7418782563,只要菠萝心,f,5,193,False,,"要努力呀,为了想要的生活,为了人间的烟火气,为了今天的风和月。",0,1.4760967064682165e-05
620,7951529612,好吧_83937,f,1,3,False,,,0,1.4760967064682165e-05
621,7578084926,却绒绒,f,11,30,False,,无论发生什么请不要后悔与我相遇,0,1.4760967064682165e-05
622,2630559935,你最爱的阿貞,f,450,158,False,,那些明媚的人与我相遇，我是否有与之匹配的力量,0,1.4760967064682165e-05
623,5750045495,西河边的芙桑筱,f,121,275,False,,腰椎间盘突出患者每天祈祷医学进步 !❤ 🍊 🍊(^V^)，只有我最穷😭,6,1.465032489532608e-05
624,6304612995,皓月朗朗千里同风,f,53,110,False,,,0,1.4428286178186488e-05
625,6331068716,叫我冯小豆,f,108,98,False,,这世界本就不公。,0,1.4309178206478157e-05
626,1371163915,枣庄在线,m,848044,2074,True,,枣庄在线-枣庄市优秀网站，枣庄市十佳新媒体，“好网民·在枣庄”榜样人物，枣庄市新媒体联盟常务副理事长。投稿邮箱cn632@126.com。,1,1.41125524907814e-05
627,6281147922,青树柠檬宝贝527,f,83,340,False,,那就祝我有数不尽的鲜花和浪漫,1,1.3883205854457237e-05
628,6344736535,叶耶耶耶ye-,f,209,312,False,,向前看向上走❤️🦁,0,1.354871373086769e-05
629,2001789077,兵团日报,m,202775,263,True,《兵团日报》官方微博,《兵团日报》官方微博。,0,1.3366875730795516e-05
630,7923472474,i钕是圈米儒钕才是生活,f,372,743,False,,这么喜欢sj，那你看吧,1,1.326466344100942e-05
631,2119798734,没力merry,f,91,131,False,,让我们红尘做伴活得白白胖胖,0,1.3211976693697e-05
632,6656865091,在路上的a纯,f,13,482,0,,我的每一次发声都是在为我心中的理想世界而投票,1,1.3211976693697e-05
633,5948492710,不瘦到100斤不改名字啦,f,259,465,False,,所愿皆能有所得,0,1.3175095970578305e-05
634,6299924506,兔子小姐从不冷静,f,9,111,False,,【克己慎独 守心明性】,0,1.3101334524340917e-05
635,6409911217,南有枝_,f,73,61,False,,Lucky,0,1.281832154097453e-05
636,6601722253,玄冬爱神,f,1613,1662,True,,不需要镇魂,1,1.274727958240145e-05
637,1896359443,南瓜星唯一辣椒,f,1652,190,True,超话粉丝大咖（银魂超话）,看一二三部电影，将四五六人放入心匣。,5,1.270855482312682e-05
638,5975973877,去见你都是跑着的,f,1104,204,False,,很宅,7,1.2658765846916583e-05
639,3686179364,初心小凡君,f,559,157,False,,灿帝牛牛哒,7,1.2520463135221478e-05
640,3917678039,Fighting-小栗子,f,136,1961,False,,嗨这里是杂食人的小天地～不追星不混圈与世无争～,0,1.2437481508204415e-05
641,5985166710,嗨兰州,m,271989,305,True,,嗨吃，嗨玩，嗨兰州，兰州生活嗨起来！专注于兰州美食、旅游.关注嗨兰州，兰州吃玩不错过。合作V❤：598282339 微博区域MCN机构,1,1.2437481508204415e-05
642,6753096302,与童悦读,f,14.8万,439,True,母婴育儿博主 微博原创视频博主,一枚跌跌撞撞带娃的老母亲😘,7,1.2437481508204415e-05
643,2829840103,居隅柒柒,f,525,618,False,,“有什么开心的事呢最近？” “我爱你”,1,1.2437481508204415e-05
644,3113950261,歪梨修咪,m,183,829,False,,那咋了,0,1.2437481508204415e-05
645,2014038532,悦来越源,f,227,261.0,False,,砥砺前行,1,1.2437481508204415e-05
646,6623445500,蓝白话筒921K,f,32,1054,False,,kdw ♡From the beginning to the future.  ➕V：H_eart-921,0,1.2437481508204415e-05
647,5281339967,小板凳love,f,273,1224,False,,官方认证：最富有的中国人。,1,1.2437481508204415e-05
648,6296544781,-甜甜的柠檬吖,f,7,60,False,,对三，要不起,0,1.2437481508204415e-05
649,7243347633,芋圆不是圆滴,f,44,562,False,,俺叫芋圆芋圆芋圆٩( ᐛ )و,1,1.2388813905332248e-05
650,1437602677,蜜子的秘密,f,309,1418,False,,爱谁谁(⑉°з°)-♡,1,1.2326839338848333e-05
651,6865377296,不巧不妙,m,24,87,False,,各自有频道,1,1.2233531109358036e-05
652,2124618357,青欣QX,f,2544,781,False,,约拍私戳‖坐标重庆,7,1.2232961134546203e-05
653,5683578637,挪卟卡卡_,f,38,408,False,,- ̗̀ ꪔ̤̥ꪔ̤̮ꪔ̤̫  ̖́- （镇魂新建文件夹fuckabolgbt,1,1.220513295255664e-05
654,7388870773,Serenade33,f,2,97.0,False,,同人女吃饭的地方，什么都吃，雷🦐🐢别来贴脸，看不惯我就拉黑，你好我也好,5,1.2175827729321788e-05
655,5889671321,Halo__H,f,192,423,False,,💫 得失常有 风不停吹 有心人 一直追,1,1.2127683434007383e-05
656,7739889638,Xxgxxvv_,f,1,112,False,,好景难遇 如你一般,3,1.2050233915458124e-05
657,1842050830,胡扯先生,m,187,85,False,,雄鹰自有雄鹰的疆场，何必飞入麻雀的山林故展雄姿。,0,1.1953422017271552e-05
658,7022994628,爱吃圆香芹,f,177,387,False,,我汪几句,2,1.185661011908498e-05
659,3597713684,罗青羊夜猎中,m,88,256,False,,一个重度颜控|不与龌龊之人为伍,6,1.182682184271988e-05
660,6619500694,昵昵昵昵称而已,f,49,162,False,,不追任何、,0,1.1781004636691656e-05
661,5324358789,一束飛走的氣球,f,486,62,True,超话主持人（张可颐超话）,张可颐最美 没有之一！,1,1.1730333730145972e-05
662,6462582598,晨晨爱吃兔,f,634,913,True,超话粉丝钻咖（肖战超话）,爱赞👍🏻,0,1.1707243190454269e-05
663,2595505004,哪儿都怂,f,79,184,False,,多看美女有助于身心健康发展。,0,1.1707243190454267e-05
664,6524556921,今天想喝快乐,f,20,1220,False,,快乐可以买卖,0,1.1662986322711835e-05
665,6557858144,托诶勒特水母大王,f,1277,845,True,娱乐博主,lgbt ‖只做温良女子,3,1.1662986322711835e-05
666,7203563100,兰兰和果果们,f,4万,629,True,母婴育儿博主,少说话，说好话。,4,1.1662986322711835e-05
667,7247290793,鱼丸粗面只要鱼丸-,m,11,107.0,False,,,0,1.1662986322711835e-05
668,7885287310,hoon_s_,f,26,45,False,,交易结束可随意取关/移除我💗,0,1.1662986322711835e-05
669,7484077709,糖醋鱼想吃锅包肉,f,133,813,0,,善用投诉拉黑，双取随意，来去自由。 黑名单人太多，可能有误伤，可以问。,0,1.1662986322711835e-05
670,7092680899,周深的隐形眼镜叻,f,329,474,False,,长洱家微波炉🥺💕💗 清子我一向待人热忱。很好说话，爱每一个善良女宝,2,1.1624261563437204e-05
671,6896981344,仙女下凡是要历劫的,f,16,105,False,,ENFP快乐小狗| 2025目标: 强大谦逊|毛利兰❣️桔梗 🌸 |巨雷柯哀别来沾边,4,1.155972029797949e-05
672,7166242991,青提不是水果,f,7,189.0,False,,盛夏,1,1.15490899719041e-05
673,5317593204,石佛沧海,f,130,1086,False,,y( ˙ᴗ. )耶~,1,1.139191300778943e-05
674,3305096531,大肚皮是粉色的,f,110,1783,False,,普通人的平淡生活,0,1.134308613739968e-05
675,6598935617,陈住气撒,f,14,191,False,,头大的憨批智者,0,1.1242546079158717e-05
676,6414232677,庆怜是个可爱鬼,f,199,396,True,超话小主持人（吴易霏超话）,我们都要天天开心@吴易霏_,1,1.116898398818143e-05
677,5580187003,清歌烈酒-,f,66,668.0,False,,时间在日历上沿途种花， 在每个巧遇里发芽。,6,1.1119597187221852e-05
678,1852073395,会长家的小朋友,f,97,131,False,,,0,1.1043390174317767e-05
679,6781948234,agudbwvshjklqnnhsh,f,288,122.0,False,,abo,1,1.1043390174317767e-05
680,7784172781,每天很丧ong,f,11,115,False,,世间好物不坚牢，彩云易散琉璃脆。,0,1.0995461772704326e-05
681,5666448981,鹤玉三郎,m,174,686,False,,少管我,0,1.091359335271743e-05
682,7513835114,无糖海盐拿铁,f,34,224,False,,,0,1.088849113721925e-05
683,7755589504,只想有钱的祝大牛2号,f,28,113,False,,想有钱是真的，想有钱也是真的，想有钱有钱也是真的。,0,1.088849113721925e-05
684,6476103719,繁华如梦一场空呀,f,9,200,False,,活在梦里的傻瓜！,1,1.088849113721925e-05
685,6530050099,_一只章鱼11_,m,5,327.0,False,,碎碎念天堂,4,1.0845196375297305e-05
686,6618677332,是貂貂本尊,f,65,381,False,,做一个会跳出的人,0,1.0845196375297305e-05
687,3630897742,-voodoo--,f,567,1802,True,超话粉丝大咖（陈嘉文超话） 超话粉丝大咖（苏打绿超话） 超话粉丝大咖（苏尚卿超话）,👋🏻,0,1.0802951183361346e-05
688,6257155533,下路双子星是这样的,f,41,543.0,False,,花满渚，酒满瓯，万顷波中得自由。,6,1.0777848967863166e-05
689,5109299919,甜甜大王W,f,272,179,False,,甜^开心小窝,2,1.0777848967863166e-05
690,7710469551,一个爱发疯的癫婆,f,19,498,False,,幸福2025,0,1.0777848967863166e-05
691,7878281504,皮卡丘-电竟版,f,6.7万,732,True,游戏博主 微博原创视频博主,该怎么得到你，用麻袋还是甜言蜜语。(๐•̆ ·̭ •̆๐),1,1.0763921981510654e-05
692,6664230412,iMnotinloveee,m,17,132,False,,人生偶尔也是塞翁失马,1,1.0762388866757855e-05
693,5936869348,憨憨今天画图了吗,f,28,181,False,,,0,1.0694867340846103e-05
694,7401527824,佳佳佳冶_,f,628,317,True,娱乐博主,劳有所获 勤有所得  顺遂无虞 皆得所愿,2,1.0662041684949923e-05
695,6627838106,呆瓜都打酱油啦,f,4,134,False,,无趣,0,1.063032607538839e-05
696,1844005112,内蒙古王国柱,m,27.7万,1255,True,媒体人,一直走在新闻的道路上！,7,1.063032607538839e-05
697,7949486914,有名的提拉米苏,f,5,68,False,,,0,1.0578693063022218e-05
698,7943224610,24H想汪汪,f,1,60,False,,Dustbin,0,1.0530764661408776e-05
699,1868480922,lvgood及时行乐,m,444,337,0,,潜水 ， 梦呓 ，腹诽,0,1.0530764661408776e-05
700,7722883276,斜刘海Vicky,f,115,491,0,,LUCKY VICKY镇魂,0,1.047145526810786e-05
701,1920638525,凝小雅PatriciaKhitan,f,1.1万,2599,True,娱乐博主 超话粉丝大咖（刘学义超话）,我的挚爱是契丹，秦朝，隋朝。 我爱嬴政，杨广，萧太后，耶律隆绪，多尔衮。 爱林峯，刘学义，杨幂和傅诗淇。,7,1.0433213561963476e-05
702,6631623493,多点开心之真不知道起啥名版,f,67,158,False,,当下最重要,1,1.0433213561963476e-05
703,5626345955,一丢丢的橙子,f,158,465.0,False,,I’ve got magic beans,0,1.0423794025923701e-05
704,5500796998,我们俩存在,f,59,448,False,,六面玲珑，两面刺,0,1.0404431646286387e-05
705,6152113426,茉莉花茶味儿烤肠,f,19,57,False,,Calm down,4,1.0335280290438835e-05
706,2683570432,横行霸道不符合多喝热水,f,226,902,False,,镇魂,1,1.0181343359160807e-05
707,7649903895,derder咧,f,9,307,False,,等我有钱了，我就带你去最好的神经病院🏥等我有钱了，我就带你去最好的神经病院🏥作为失败的典型，你真的是太成功了，孺子不可教，朽木不可雕🤭,0,1.0181343359160807e-05
708,6384655390,古希腊掌管QQ弹弹的小丸子,f,47,344,False,,,0,1.0181343359160807e-05
709,6036069796,今天也想在家抠脚,f,102,727,False,,好心态决定女人一生,0,1.0181343359160807e-05
710,5610351757,老阴杯,f,98315,273,True,微博原创视频博主,,0,1.0181343359160807e-05
711,1962188695,波克比5643,f,258,1811,False,,更年期提前，骗子别来找骂,1,1.011399595172667e-05
712,2458073545,七圈发财了,f,866,747,True,,明日将至,1,1.011399595172667e-05
713,2479589597,慕涼拌人骨,f,47,68,False,,一剪薄弱的光，也要骄傲的捧出辉煌,1,1.011399595172667e-05
714,3030507691,阿兔是幸运兔,f,56,553,False,,搞钱！,0,1.011399595172667e-05
715,3191262460,闪光小卡,f,38,201.0,False,,-随时随地 心情随意,5,1.011399595172667e-05
716,5978980782,厌之x,m,5,239,False,,向死而生.,6,1.011399595172667e-05
717,6006169626,齐朵火花婳,f,138,994,False,,关晓彤2025顺顺利利,1,1.011399595172667e-05
718,6358014047,禾木一场空,m,173,309,False,,,1,1.011399595172667e-05
719,7214726304,恐龙抗狼扛狼扛,m,31799,9089,True,,安心评论，从不删评拉黑，主打情绪稳定。想体验跟大v互动的乐趣吗…纳尼？我不算大v？？我警告你啊话不能乱讲的啊！看到没有看到了吗？这是空虚不是肾,1,1.011399595172667e-05
720,7413864955,ting_wannn,f,96,720,False,,🛰️Ting_wannn,1,1.011399595172667e-05
721,7765310165,01宝宝开门系我呀,f,4,101,False,,,0,1.011399595172667e-05
722,7784574547,唛旯嘅玐訾,f,51,331,0,,一天至少骂十条才不会得乳腺癌,0,1.011399595172667e-05
723,7834107602,猪猪雯lllll,m,5,55,False,,,0,1.011399595172667e-05
724,5361244704,中安新闻客户端,f,10101,96,True,中安新闻客户端官方微博,,0,1.011399595172667e-05
725,2712275971,不李姐li,f,561,10,False,,从来不为付出的真心感到后悔 怎么看都是失去它的人更亏,0,1.011399595172667e-05
726,1947635697,丨蕉叶覆鹿丨,f,697,422,False,,一念心归处，莲花处处开,0,1.011399595172667e-05
727,5643988089,不喝咖啡行不行2,f,14,249,False,,不过年行不行,0,1.011399595172667e-05
728,7575318569,八月正午的阳光10,m,8,233,False,,,0,1.011399595172667e-05
729,1656032494,梁山葵,f,190,536,False,,爱旅游，没时间，爱野马，没草原。,1,1.011399595172667e-05
730,1679728014,悠悠子衿shasha,f,888,848,False,,从今往后，走马观花，不谈感情,3,1.011399595172667e-05
731,2813923174,澜夜凉竹,f,110,635,False,,金风玉露一相逢,1,1.011399595172667e-05
732,6871214596,温柔的生活革命企画,f,23,329,0,,,1,1.011399595172667e-05
733,7760052289,莱州融媒,m,3.2万,919,True,莱州市融媒体中心,莱州市融媒体中心（莱州市广播电视台）官方微博,5,1.011399595172667e-05
734,6053951997,attitudeig,f,90,225,False,,科研学术垃圾🤕🤕🤕,0,1.011399595172667e-05
735,6995778243,我在2823,f,399,818,False,,龟龟挺可爱的呀～,1,1.011399595172667e-05
736,5888134324,qilmmmg,f,1755,1022,True,,7,0,1.011399595172667e-05
737,7460589369,弥珉苏境,f,31,380,False,,为啥今天会有风,1,1.011399595172667e-05
738,6135453135,凉橙汽水,m,12.8万,172,True,微博原创视频博主,生活就像一场旅行，感谢所有的奇妙相遇,2,1.011399595172667e-05
739,5581082079,一条栗子饼,f,207,679,False,,欢迎来到我家！,0,1.011399595172667e-05
740,7581648327,婧祎许下星愿,f,1.4万,1156,True,超话粉丝钻咖（鞠婧祎超话）,爱与陪伴 我们一直都在💙 🍊  迎万难 赢万难@鞠婧祎 ​​​ 卸v中……,4,1.011399595172667e-05
741,5986118813,黄桃咕噜肉,f,83,383.0,False,,热爱世间万物，无最爱，无例外。,0,1.011399595172667e-05
742,2372456437,我的妹妹有点二,f,45,304.0,False,,,0,1.011399595172667e-05
743,2256859584,猫酱第一可爱,f,1587,405,False,,只要你讨厌🍆，我们就是朋友。讨厌🍆，请关注我。,0,1.011399595172667e-05
744,5385523114,草莲子24,f,471,378,False,,碎碎念。 向阳花木易为春。,1,1.011399595172667e-05
745,5574621113,时遇遇吖,f,947,218,False,,✨努力有用论✨,6,1.011399595172667e-05
746,3286399131,刘诗宇--Tuntun,f,362,503,False,,在光明之处，共赴前方。,0,1.011399595172667e-05
747,6035125518,Rshjdhu,f,27,1379,False,,镇魂,1,1.011399595172667e-05
748,5313173669,木子意以,f,612,1042,False,,灵魂集团最没有灵魂的灵魂@_@糊涂虫一个，罗云熙唯粉，经常搞不清楚状况，但是学会了闭嘴！！！！,1,1.011399595172667e-05
749,7469029456,撒野本野,m,410,1279,False,,倒霉死勒和倒霉死勒的粉丝都不倒霉,2,1.011399595172667e-05
750,2010723434,飞奔而来小可爱,f,312,136,False,,爱国爱家，遵纪守法，向上向善，与正直善良的人一起做正直善良的事！,0,1.011399595172667e-05
751,2697663830,Crescent_晓翼,m,1036,1012,False,,(´▽｀)娃娘 银魂 画技提升中 各种古风曲（偏男声）杂食动物 守护我首页每一位姐妹的心理健康 嗯。。。一切随缘,7,1.011399595172667e-05
752,7624869062,怪诞绵羊,f,131,524,False,,无所谓 必要时华神会保佑我,5,1.011399595172667e-05
753,5677623765,u一点大脾气,f,33,104,False,,排除一切内耗的人和事。,1,1.011399595172667e-05
754,3127705405,万事如意啊哈哈哈哈哈,m,73,356,False,,,0,1.011399595172667e-05
755,1840648427,此粤时时明,f,151,339,True,超话主持人（黑鸟组合超话）,Let me be me,3,1.011399595172667e-05
756,5954895070,筱Eya,m,39,250,False,,健康胜过一切,0,1.011399595172667e-05
757,6836727337,peach桃哟,f,29,732.0,False,,杂食党，什么都来一口，别来管我，无粉籍👀,1,1.011399595172667e-05
758,2372574115,Arc_en_ciel_,f,143,326,False,,冒充我要钱的都是骗子！！！,0,1.011399595172667e-05
759,6481806849,gdac3,f,29,239,0,,,1,1.011399595172667e-05
760,7007949616,荞_麦12138,f,2,31,False,,,0,1.011399595172667e-05
761,3782469067,浅子荨诗狮,f,133,169,0,,一边追星一边到处发疯，主打一个割裂,1,1.011399595172667e-05
762,7677300741,阿叭巴叭巴,f,65,180,False,,25年心想事成🙏,0,1.011399595172667e-05
763,2433239930,查拉斯图杰,m,1026,248.0,False,,先拯救这副皮囊。,0,1.011399595172667e-05
764,5118655000,w酒_酒,f,47,304,False,,,0,1.011399595172667e-05
765,1631271934,罗瞳瞳,f,777,334.0,False,,人生苦短，及时行乐。,0,1.011399595172667e-05
766,1175306694,大黄_鸭,f,762,389,False,,越是遇见的人多了 越是感到孤独,0,1.011399595172667e-05
767,6603837573,无敌美少女向钱冲,f,91,586,False,,一生放荡不羁爱自由！过好自己，其他不care,0,1.011399595172667e-05
768,7552705742,初音未来一滴泪兑水喝三年,f,216,762,False,,镇魂,0,1.011399595172667e-05
769,1767782277,可爱的多和实,f,681,495,False,,是个超级话痨！最近狮心疯中！,1,1.011399595172667e-05
770,1498602920,卡西有声,f,10.5万,191,True,播客《卡西有声》主理人,有声主播https://xima.tv/1_0ybFbb?_sonic=0,1,1.011399595172667e-05
771,6532448744,-仲夏蝉鸣不止Mustc2u,f,1072,961,True,,多的是你不知道的事儿,0,1.011399595172667e-05
772,7335601642,纯情长腿母蟑螂,f,187,146,False,,睡前原谅一切，醒后重新计较。,1,1.011399595172667e-05
773,1227070123,冯律师法,m,24.4万,2322,True,律师	 微博新知博主 法律博主 微博原创视频博主 头条文章作者,评说热点，解读时事。 宣传法治，表达情怀。 律师，独立评论人，自由写作者。 与您一起交流探讨。,7,1.011399595172667e-05
774,7538780741,橘猫老板,m,17.3万,41,True,微博原创视频博主,专注女性领域的内容开发 JYCTD919,1,1.011399595172667e-05
775,7574536281,雾失风起时,f,2.4万,3480,True,娱乐博主,⁺ʚ՞˶&gt;𖥦&lt;˶՞ɞ⁺,6,1.011399595172667e-05
776,7282178877,是伟大的z,f,113,790,False,,爱是蚂蚁保护大象,1,1.011399595172667e-05
777,7935556987,oioi小财星,f,58,40,False,,屈服于事实而抛弃理想的堕落者？                                          撒野/镇魂/有嫌弃病 不y不s  喜欢帅的,0,1.011399595172667e-05
778,7836955568,WU风哝语,f,3,61,False,,,0,1.011399595172667e-05
779,6458388019,左手左手左,f,12,310,False,,听王一博说,0,1.011399595172667e-05
780,7291558039,神明少女summer,f,210,264,False,,岁岁平安,0,1.011399595172667e-05
781,3488787807,出奇新,m,28.1万,335,True,互联网科技博主,努力提供优质的视频服务！不忘初心，服务粉丝！,1,1.011399595172667e-05
782,2588577473,魔仙女王在人间,f,252,197,True,超话粉丝钻咖（颖战莎场超话）,放轻松，就当漫游地球（减肥版）,1,1.011399595172667e-05
783,5477290249,日更苏怕苏趴趴,f,27,416,False,,『来自南极洲的拖稿博主』勤勤恳恳挖坑填稿中ing…,1,1.011399595172667e-05
784,7869066626,小鱼好运连连财运滚滚,f,44,81,False,,怎么样都会很好！,0,1.011399595172667e-05
785,6687088957,广东申留真,f,57,221,False,,我爱吃阳光玫瑰。|新建文件夹,0,1.011399595172667e-05
786,6399045502,我做什么都会非常成功的,f,44,52,False,,谁给我馒头谁给我拳头 我会记得清清楚楚,1,1.011399595172667e-05
787,5593920313,sourgrapebetterandbetter,f,1354,1599,False,,新建文件夹,6,1.011399595172667e-05
788,7753795507,dON_otd_IStUrB--,f,63,184,False,,自私自恋 从不反思,0,1.011399595172667e-05
789,2034347300,郑州晚报,m,5199766,1032,True,郑州日报社郑州晚报官方微博,郑州晚报官方微博，我们一直在你身边！从最早到最好，做最“中”的新闻，新闻热线0371-96678,0,1.011399595172667e-05
790,5304808730,菀蕸收集者,f,261,742,False,,算了，都不用学数学了。,1,1.011399595172667e-05
791,7860132190,白月光朱砂痣心尖血,f,7,126,False,,,0,1.011399595172667e-05
792,2311674250,我还是不吃肉吧,f,438,440,False,,一切发生皆有利于我,1,1.011399595172667e-05
793,7322930093,挨揍-兔子,f,52,163,False,,揍我让你心情好了吗  -私人微博｜LGBT｜新建文件夹｜家有两娃孩子是Gay,1,1.011399595172667e-05
794,7362729413,小明同学讨厌熊孩子,m,14,299,False,,💰来！ 福来！！ 好运来！！！（狂接🙏）,0,1.011399595172667e-05
795,7269736351,打出溜划,f,3,546,False,,彻彻底底的颜狗,1,1.011399595172667e-05
796,2883991610,徐gaga掉坑里了,f,926,476.0,False,,腐宅双修 铁血王八 笑国子民,1,1.011399595172667e-05
797,3939667771,卢小威同学,m,3453,12473,False,,理想主义的生活家。,0,1.011399595172667e-05
798,6011935400,夏得蓝,f,224,187.0,False,,不蒸馒头争口气,0,1.011399595172667e-05
799,7833161326,冰酪玉曲奇,f,2203,609,True,超话粉丝钻咖（赵丽颖超话） 微博原创视频博主,镇魂，简介太多，无法介绍。,5,1.011399595172667e-05
800,7391329379,原谅姐的自负,f,15,1792,False,,镇魂我是最幸福的女孩,0,1.011399595172667e-05
801,7381954740,乃子奴,f,135,449,False,,lgbt🌈 极品gay,1,1.011399595172667e-05
802,7007406060,小兔芝o,f,72,491,False,,兔兔 你是一个小宝宝,1,1.011399595172667e-05
803,5660668700,是只汽水喵呀,f,111,210,False,,纯追星号  多有叨扰  请见谅,0,1.011399595172667e-05
804,7490404643,祁祁祁笙,f,8,74,False,,,0,1.011399595172667e-05
805,2981292353,好像叫臭豆腐,f,9714,742,True,超话粉丝大咖（吴宇恒超话）,小小世界，开心至上🥺,8,1.011399595172667e-05
806,7437502551,是Mini的小迷妹,f,379,376,True,超话粉丝大咖（杨幂超话）,信命，但不认命。,0,1.011399595172667e-05
807,6331875974,我别无其他的星星_,f,30,118,False,,新建文件夹 乐观健康 长命百岁 活到全息时代,2,1.011399595172667e-05
808,7391644525,初璐桐心,f,221,182,True,超话粉丝钻咖（宣璐超话）,说好的 幸福呢,2,1.011399595172667e-05
809,7446599016,就爱吃薄巧怎么你了,f,2192,407,1,超话创作官（田曦薇超话）,相信她，陪着她,0,1.011399595172667e-05
810,7507108267,怡亚怡芽哟,f,7,217,False,,心跳向左 漫天星光在闪闪烁烁✨✨,0,1.011399595172667e-05
811,3233246392,Brightly安风,f,394,629,True,超话主持人（武汉神仙组超话）,,1,1.011399595172667e-05
812,5318261850,嵩山在逃住持,f,88,212.0,False,,穿过了规则的空气墙。,0,1.011399595172667e-05
813,6060544223,多吗哇塞的姑娘,f,51,250,0,,,0,1.011399595172667e-05
814,7353637784,猪包嘻哈,f,15,28,False,,互联网冲浪金牌选手,0,1.011399595172667e-05
815,2286550770,陈心漫游,m,32,160,True,头像本人,分享日常思考，实用百科小知识，偶尔加点医疗/健康专业科普，一起轻松涨知识！,2,1.011399595172667e-05
816,7818951572,聊聊天llt,f,2,3,False,,不必迎合任何人我只顺从我自己,1,1.011399595172667e-05
817,5883864901,五木锵锵锵,f,105,441,0,,,0,1.011399595172667e-05
818,5742289872,yu矞见ri理想的生活,f,98,248,False,,生活美好，万物可爱,1,1.011399595172667e-05
819,7790233214,许苑db,f,10585,693,True,,,1,1.011399595172667e-05
820,1904958677,Yi杯冰镇杨梅,f,107,298,False,,嗨,0,1.011399595172667e-05
821,6613354997,千仟金锦,f,6,97,0,,且视他人之疑目如盏盏鬼火,0,1.011399595172667e-05
822,5880928356,星星要睡觉zZ,f,27,239,False,,在这理发店,1,1.011399595172667e-05
823,5514252759,西柴啊,f,51,29,False,,Okey-dokey🥰,0,1.011399595172667e-05
824,2550813620,不囧de不耸肩求生欲,f,335,571,False,,看都是问题，做都是答案。求同存异，和光同尘。,0,1.011399595172667e-05
825,7432988855,我恨考试-,f,5,41,False,,,1,1.011399595172667e-05
826,7751148540,无敌素素大王,f,83,246,True,超话粉丝钻咖（一诺xbc超话）,唯诺主义,1,1.011399595172667e-05
827,7735842224,极寒晚谱_Li,f,2177,474,True,超话粉丝大咖（张极超话）,rise to the top🔝,4,1.011399595172667e-05
828,3390710614,照照赢赢,f,411,227,False,,自由幸福主义者,0,1.011399595172667e-05
829,7278978124,189大长腿帅哥,f,1389,442,True,娱乐博主 超话粉丝钻咖（黄子弘凡超话）,多远都能到达,4,1.011399595172667e-05
830,7929566998,猛男主唱_LU,f,654,243,True,超话粉丝钻咖（王橹杰超话）,橹橹▶• ılıılıılıılıılıılı. 18,3,1.011399595172667e-05
831,7224258867,KimiY_oop,f,2791,181,False,,成分复杂,1,1.011399595172667e-05
832,3749825170,浪漫又自由_,f,1065,179,False,,当妈了也是少女,0,1.011399595172667e-05
833,7507635329,枭丌,f,139,724,False,,我真的不是gay啊 什么都发 暗恋直fo 溺爱卢关,5,1.011399595172667e-05
834,3846095790,爷爱怀旧,m,25.1万,118,True,秒拍达人 搞笑幽默博主 超话主持人（动物超话）,网罗海内外第一手奇趣资源,2,1.011399595172667e-05
835,7676601957,律界羽鲲刘律师,m,13.3万,4143,True,河南通参律师事务所 副主任 法律博主 超话小主持人（微博法律大讲堂超话）,刘鹏举，字羽鲲，笔名梁小丑，系网络小说《蛊师秘术》原创作者。 现职业为执业律师，专业方向为民商事领域，专注刑事辩护和非诉业务的创新研究！,1,1.011399595172667e-05
836,7305188171,洋妈咪在哪里,f,8050,1842.0,True,超话小主持人（鹅妈妈在哪里超话） 微博原创视频博主,gay新建文件夹,1,1.011399595172667e-05
837,5546976537,eisfidj,m,374,916,0,,。,0,1.011399595172667e-05
838,7858225111,十七号路口见_,f,122,502,False,,无粉籍 除了我老公老婆＆豹豹猫猫我都骂,2,1.011399595172667e-05
839,3808066178,飞鸟明,f,112,267,False,,醉卧倚云间，挑杯斟月湖,1,1.011399595172667e-05
840,5037177164,壹枚宇欣,m,1713,555,True,超话粉丝钻咖（李易峰超话）,双向奔赴，种草得草 🌱🐝,6,1.011399595172667e-05
841,6201507153,哪吒他小姨,f,27,55,False,,我命由我不由天，我想发财就发财！（ 绝无冒犯哪吒的意思，纯纯喜欢）,5,1.011399595172667e-05
842,1014942431,刖梓芠,f,566,229,False,,,6,1.011399595172667e-05
843,5641255601,眸中璀璨星,f,81,441,False,,相见如故  眉目成书,0,1.011399595172667e-05
844,6984463722,我喜欢发呆怎么办,f,105,158,False,,三字鸡，不纯爱，偶尔磕点双胜之类 感觉自己带点嬷…介意勿入,0,1.011399595172667e-05
845,6193960389,97年的可乐爱喝91年的雪碧,f,33,866,False,,博肖on top.,1,1.011399595172667e-05
846,7816577621,将祎写作诗阕,f,1521,1549,True,超话粉丝钻咖（鞠婧祎超话）,否极泰来 物极必反,4,1.011399595172667e-05
847,7422042164,霖起紫月缘,m,11,73,0,,梦境与现实之花交缠 在名为缘的牢笼里盛开,1,9.817106130621177e-06
848,7569814628,周郎妙计安天下_,f,61,567,False,,鉴人,0,9.649298840431119e-06
849,6203925396,八月底前一定要瘦35斤,f,5,541,False,,努力是成功的不二法则,0,9.649298840431119e-06
850,3486648042,颜柚柚12,f,52,585,False,,开开心心，努力加油，做理想的自己！,0,9.50786928481943e-06
851,6509398215,不忘初心逐梦远航,f,124,137,False,,世界凉薄，唯有待已温柔,7,9.499931911800405e-06
852,6481363187,有点累也有点无所谓,f,250,289,False,,佛系且solo,6,9.391133778600258e-06
853,7909336939,用户7909336939,f,13,344,False,,镇魂,0,9.339500766234086e-06
854,5895928354,無話可説吗-,f,107,630,False,,脾气不好 犯见的来一个我喷一个,1,9.339500766234086e-06
855,1801801141,疯狂大sa豹,f,242,236.0,False,,高冷沙雕ENTP,1,9.339500766234086e-06
856,7690358406,初雪的第一条围巾,f,17,198,False,,诸事顺利！,5,9.25098703074922e-06
857,5819027271,成金点儿,f,68,91,False,,已经有猫啦😄,0,9.081335704403225e-06
858,2292963412,夏小鱼儿0303,f,199,453,False,,,1,9.081335704403224e-06
859,5673735304,solegamo,f,18,271,False,,,0,9.035234800504857e-06
860,5644542795,在异世界的沼泽地里成为一具尸体,f,0,350,False,,人活着就为了那点乐子罢了,0,8.987457500101094e-06
861,7867518675,iuk破忒头拯救世界中___,f,9,129,False,,命中註定的夢裡見,0,8.952253173487795e-06
862,7375507550,四恩三有尽沾恩,f,19,814.0,False,,發？發！,2,8.796111630744103e-06
863,7514910029,米兰爱剑兰,f,33,293,False,,,0,8.71990461784002e-06
864,6664585244,冬天是橘子味,f,59,615,False,,生命粉,0,8.647987207758564e-06
865,6275137882,火锅至上主义bot,f,9,228,False,,哈,0,8.609262448483935e-06
866,3098403954,我发誓早点睡,f,334,195,0,,长得潦草又脾气不好。镇魂。,0,8.565005580741503e-06
867,1803348887,ellyzzzzzzzzz,f,6,52,False,,,0,8.535217304376403e-06
868,7756488420,等骑士的姗姗来迟,m,93,563,False,,心之所向皆是你，目之所及也是你,1,8.521710818819558e-06
869,7805609625,杭田视频,m,200576,1576,True,,素材来源于网络 如有侵权 联系秒删,1,8.45436341138542e-06
870,5654272933,少烦我我就是来发疯的,f,42,674,False,,,0,8.45436341138542e-06
871,7680118181,玉米是只臭猪猪,f,22,137,False,,最爱猪咪/bjd/花花草草/谷子/天大地大吃饭最大/国家一级保护废物/烂虾水产远离我/著名跨火盆艺术表演家,6,8.45436341138542e-06
872,6427724246,麦候孟冬皆十一,f,15,188,False,,看我主页自动祈祷下三家被削弱无皮肤哈,1,8.438924969149688e-06
873,5849670206,一只想上岸的crab,f,31,8,False,,富强 民主 文明 和谐 自由 平等 ……,0,8.32808702244641e-06
874,1941657024,崮rz金还來,f,218,596,False,,,1,8.255207506544469e-06
875,5339422332,小柴小柴你好可爱,f,53,104,False,,二次元渣女认证,0,8.207279104931027e-06
876,6664285086,玩恋与制作人享窝囊人生,f,19,234,False,,乍见心欢，小别思恋，久处仍怦然。,1,8.177757987995212e-06
877,3102062471,-小芯子,f,467,605,False,,一个很固执很固执的人,0,8.063861637187478e-06
878,5890515145,祝小y天天开心,f,47,676,False,,负能量炸弹,7,8.011794733961086e-06
879,2429372361,Neal_Ji,f,171,502,False,,一个忙碌的普通人。,0,7.999085836129644e-06
880,5063479651,努力的女人最美腻,f,46,86.0,False,,事缓则圆,3,7.953219467831395e-06
881,7632873254,啾啾一杯酒1229,f,9,137,False,,嘴毒缺德见人来了人人一巴掌，嘴权志龙虞书欣反弹到你家哈，们🐊丝就是坏得铁骨铮铮。,1,7.945409432347437e-06
882,7831211753,我是费依Fay,m,72,357,False,,读书笔记 镇魂防搜 被🈲言中,1,7.864271841486309e-06
883,7515088782,如人饮水-冷暖自知oi,f,68,192,False,,,0,7.790510395248921e-06
884,7553525682,用户7553525682,f,1,25,False,,,0,7.790510395248921e-06
885,7836940068,大獅子大玄子,f,7,78,False,,,0,7.790510395248921e-06
886,7444633875,文化荒洲,m,21,92,False,,玩的开心哇,1,7.790510395248921e-06
887,5206025305,福尔摩斯和我,f,132,378,False,,本人是废柴一条,0,7.790510395248921e-06
888,7338491929,小丑不丑-Z,f,315,758,False,,何洛洛  姚琛 徐梦洁 苏新皓 我追星看心情哦～,2,7.790510395248921e-06
889,1239361920,暴躁的猫猫兔,f,82,235,False,,素质不详，遇强则强！你要jian得慌惹我，就别怪我喷你！,6,7.790510395248921e-06
890,1274608010,悠悠天边云,f,239,238,False,,洞庭碧螺春，东山白玉枇杷~~~,0,7.790510395248921e-06
891,5272427702,野鹿林linn,f,72,112,0,,镇魂/ABO/新建文件夹 十级废话大王 有趣的灵魂,0,7.790510395248921e-06
892,3911384796,苦冈切十四,f,65,772,False,,要说故事也该断在一个恰到好处的地方。,0,7.790510395248921e-06
893,7961700301,夏日奇遇鹿_,f,4,69,False,,Can you fill me in love💛,2,7.790510395248921e-06
894,2772486567,小星星最开心,f,1044,2443,0,,平安顺遂,0,7.790510395248921e-06
895,6001665710,乐天知命一枪爆头,f,299,1151,0,,人生有梦，各自精彩 镇魂,0,7.790510395248921e-06
896,2126212654,一个集美貌与财富于一身的女人,f,85,99,False,,苍蝇腿也是肉,1,7.790510395248921e-06
897,7628491416,土豆不是番薯ovo,m,1420,548,True,电竞博主 超话粉丝钻咖（一诺xbc超话）,被我骂是你活该,1,7.790510395248921e-06
898,2675933747,胡饱饱,f,671.6万,155,True,美食博主 微博原创视频博主,热爱生活的普通美女｜商务：xiaopangpang185,7,7.790510395248921e-06
899,7923713171,winterfuckme-,f,18,103,0,,欧尼 开门 是你的小狗冬冬☃️�,0,7.790510395248921e-06
900,1670579494,主持人阿喆,m,32.9万,45,True,媒体人,DJ,6,7.790510395248921e-06
901,3994402305,霸王龙的小兔咩,f,115,331,False,,脚下扎根 向阳而生 做个明媚的人,1,7.790510395248921e-06
902,7570268821,月上邮差迷路了,f,25,159,False,,小鱼小鱼快快游，四面八方是自由,0,7.790510395248921e-06
903,7714562611,Lidocaine_Alphard,f,12,119.0,False,,个人幸福主义‖日常吐槽号‖无情缺德乐子人‖小太阳☀️在身边‖KAI/马佳/蔡程昱坑底躺平‖生活动力爆棚‖是dw👀非说搞西皮不如说是公公,6,7.790510395248921e-06
904,7184913911,SeaDawn黎明海,f,26,85,False,,,0,7.665941239540322e-06
905,6580299876,fw_jjzj_please,f,15,273,False,,好好吵架，别骂脏话,1,7.650079949527738e-06
906,7512151717,你到底在玩什么把戏,f,1679,138,False,,我很无聊，别关注我。（镇魂）,6,7.532345333418059e-06
907,7707310290,语橙_k,f,11,134,False,,,0,7.480712321051887e-06
908,6574528924,秃头少女是饼子,f,290,384,False,,国家一级拖延症运动员,0,7.480712321051887e-06
909,7364971654,-落黄-,f,88,697.0,False,,颜值才华收集者,5,7.480712321051887e-06
910,3613090270,不严以律任何人,f,58,110,False,,没有营养别看我。,0,7.432783919438445e-06
911,5620494171,哆啦只是个梦哑,f,42,114,False,,永远年轻，永远半糖去冰！,1,7.403262802502629e-06
912,7724785998,茄子啊郄,f,1036,1241,True,超话粉丝钻咖（檀健次超话） 微博剪辑视频博主,千万种声音中听见你  千万种声音都枯寂 听见你独白句  说我很想很想你@MIC檀健次JC-T                        🚫双/多担 天雷辱追 雷泥塑,4,7.3258132839533706e-06
913,7861826568,用户7861826568,f,1,71,0,,,0,7.292620633146545e-06
914,6113505974,惊涛骇浪味仙,f,35,795,False,,我的快乐我做主,0,7.292620633146545e-06
915,6387458985,最近爱吃小黄鱼,f,80,273,False,,路漫漫其修远兮，吾将上下而求索,3,7.237299548468504e-06
916,5876200083,XLLL白云苍狗,m,33,61,False,,二极管别来找骂,0,7.083362617190475e-06
917,7360042507,碧海潮生ing,f,37,127,False,,碧海潮生，星河月落，地球真美！叶文洁有没有后悔？,0,7.083362617190475e-06
918,2429528801,元气少女Nunna,f,190.4万,430,True,美妆博主 音乐博主,这里是吃饱了就有元气的Nunna，和我一起吃遍各种美食吧！🛰️:thinkoonjt,1,7.060272077498771e-06
919,5123341648,暮烩,f,185,693,False,,都是小可爱,4,7.025434745796112e-06
920,5704937396,茉莉栀子奶白,f,37,614,False,,小迷糊,1,7.016015209756337e-06
921,7811180964,小y莫烦恼,f,1,135,False,,碌碌无为的悲催人生·追剧人·镇魂,0,7.016015209756337e-06
922,5787370146,不就风DAYTOY,f,16,263,False,,做人要善良，虽然人善被人欺。,0,7.016015209756337e-06
923,2925714873,睡不醒-根本就睡不醒,f,184,468,False,,查看本人精神状态↓        （新建文件夹）,0,7.016015209756337e-06
924,6860135232,多乐牛奶派con,f,133,733,False,,介绍一下自己,1,6.795364117164492e-06
925,5169267158,特困研究圆,f,17,336,0,,谏人发疯受害者 唯恨叠纸 弹性素质,0,6.7578501479254765e-06
926,1915392350,郁空空空空,f,31,235,False,,。。,2,6.721168780066883e-06
927,5238571419,天杠Atchoo,f,268,242,False,,姐姐，我们难道真的不能当一辈子的小女孩吗,0,6.696115024444184e-06
928,2365379884,炫闪爆炸头,f,524,457,False,,颜性恋,0,6.686854755921989e-06
929,5243511762,鸭绒含量百分百,m,131,186,False,,948！,0,6.647207978569394e-06
930,1039513933,吃一万口辣白菜,f,87,81,False,,生活就像小猫拔牙,6,6.628767617010046e-06
931,2186476841,ohadios,f,169,272,False,,情绪碎片站,0,6.628767617010046e-06
932,5976492698,_思念如海侵袭_,f,126,50,False,,吾辈少年，当向阳而生。,0,6.628767617010046e-06
933,5721590113,正大板桥,m,4,127,False,,,6,6.628767617010046e-06
934,6989984914,帅爆的苹果,f,3,98,False,,As I am,1,6.628767617010046e-06
935,5568481750,咖啡不加美式,f,5,509,False,,梦想再也不上班,2,6.628767617010046e-06
936,5710319580,天边大鱼飞,f,72,149,True,超话粉丝大咖（咸鱼废文网超话） 超话粉丝大咖（山河令周边中转站超话）,🍊——分割线—— 祝张哲瀚家的龚俊生日快乐🎂20231129 ——分割线——开开心心浪浪钉ᰔᩚ,8,6.628767617010046e-06
937,6020127337,Ooo七妹ooO,f,46129,1462,True,,诺有侵权 、私信本账号， 、 欢迎大家投稿👩‍💻,1,6.586776914182135e-06
938,6485920309,快乐地发财,f,19,299,False,,健康、富有且快乐🐒,1,6.560737634500563e-06
939,3209936955,WTHIE,f,23,134,False,,,0,6.5369997000735305e-06
940,1667570617,愚笙末,f,2.4万,70,False,,不高冷，不合群，不是所有的人，都值得同行,0,6.522012875225934e-06
941,7015832003,嘛呢嘛呢Mnmn,f,2665,943,True,娱乐博主 超话粉丝大咖（马嘉祺超话）,瞬间即是永恒,2,6.512593339186159e-06
942,6130728825,不爱吃溏心蛋aaa,f,18,769,False,,,1,6.396419061362271e-06
943,7365578963,page_yeoan,f,23,81,0,,ALL FOR SOOBIN｜ONLY SOOBIN HOME 本人淡淡的:),1,6.396419061362271e-06
944,7710422590,扶玉和洲,f,7,220.0,False,,镇魂abo,1,6.396419061362271e-06
945,5766549436,微风轻拂长堤柳,f,9,45,False,,,0,6.396419061362271e-06
946,6185411484,娱你一起看,f,25.3万,112,True,综艺博主,你的爱豆原来是这样的！！哈哈哈哈！,1,6.396419061362271e-06
947,2697278097,珑仔的夏天,f,175,391,False,,欧拉欧拉欧拉欧拉欧拉！,0,6.396419061362271e-06
948,5822989318,王足格格,f,128,763,False,,乘兴而去，尽兴而归,0,6.396419061362271e-06
949,7301660841,苏东坡只爱吃肉,f,6,344,False,,喜欢檀多和他的男人们。喜欢所有温柔的和有趣的人。,0,6.396419061362271e-06
950,7364030685,芊芊余年,f,233,925.0,False,,被你改变的那部分我，代替我和你站在一起    查理苏激推 qc偷子滚,3,6.396419061362271e-06
951,7897277219,嘻嘻玩玩闹闹,f,1,2.0,False,,,0,6.396419061362271e-06
952,5870039168,次元魔女侑子小姐,f,493,198,False,,乱七八糟的碎碎念，镇魂/视奸我的都倒霉,1,6.396419061362271e-06
953,5926641300,仙女百态bot,f,55,34,False,,分享网络仙女仙言仙行BOT,0,6.396419061362271e-06
954,7348252076,招财会武功,f,12,139,False,,贪财的人一帆风顺，追爱的人一事无成！,0,6.396419061362271e-06
955,2739268505,闪光侠蜡笔小飞,f,716,1027,False,,愿我来生得菩提时，心似琉璃,7,6.396419061362271e-06
956,2263198374,Littlethingsmakesense,f,394,91,False,,得闲饮茶 自由自在💐 个人记录📝,4,6.354173869426312e-06
957,6031905069,肚子饿呀a,f,335,568.0,False,,废话很多，说给自己的。为了以后回忆起来有画面感。🧸,1,6.241520024263754e-06
958,6475576739,米煮电饭煲,f,5,281,False,,大事化小🍰,1,6.222629897788326e-06
959,1029928772,-NANA酱-,f,96.2万,666,True,旅游博主 微博原创视频博主,可盐可甜的百变少女~ 旅行摄影｜生活方式｜时尚穿搭｜二次元 环球旅行家，行走70国，分享我的生活和旅途~ 视觉中国签约摄影师，湖南卫视特邀嘉宾～,7,6.205073192005281e-06
960,5655986043,狗狗巴士Kitty,f,208,542,False,,“我不回去，我要陪你。”,1,6.198225262341809e-06
961,5640296552,防水ok绷,f,95,153,False,,do not contact me,2,6.1308778549076716e-06
962,7449371872,臭屁小狗日记,f,121,428,True,,好好吃饭 天天开心 永远自由 @利路修-Lelush                               🩵让自己开心的就是好东西,1,6.1308778549076716e-06
963,7733479121,吟子yooon,f,160,473,False,,下禹天🌨️,0,6.1308778549076716e-06
964,3932422355,执笔经年的哆啦梦,f,668,183,False,,不为往事扰，余生只愿笑！！！,0,6.1308778549076716e-06
965,6185901214,一天天不消停,f,2,839,False,,行了,0,6.1308778549076716e-06
966,6973307643,总攻九命猫,f,1,137,False,,生命中总有不期而遇的惊喜，和生生不息的希望.,0,6.116950868555157e-06
967,7879307722,不秋苓,f,20,89,False,,哼哼(▼皿▼#),1,6.083100554503909e-06
968,6083475793,闫_YW,f,31,268,False,,,0,6.0478962278906095e-06
969,1793099071,枫燃沧寰,f,342,1281,False,,一个带着躯壳的小小灵魂,7,6.0478962278906095e-06
970,6342363467,任素素的小茶杯,f,37,196,False,,气亖我了气亖我了,0,6.0478962278906095e-06
971,7835110463,茶茶chihiro,f,10,68,False,,虽千万人吾往矣,0,6.0478962278906095e-06
972,1574188931,PrideAp,f,959,835,False,,脑子被吃掉了,1,6.0478962278906095e-06
973,5715352487,南笙脾气超级差,f,52,1706,False,,我不会移除妹妹的关注，所以如果有不小心关注的妹妹需要自己取消掉，如果要我回关的话就私我或者评论一下😗 男的别关注哥，这是哥冲浪㊙️地,7,6.0478962278906095e-06
974,7216364715,白飞飞201206,m,2,18,False,,,0,6.0478962278906095e-06
975,3182334897,卡巴拉neverland,f,27,721.0,False,,,0,5.983354962432894e-06
976,5889970535,坤老-所有社交昵称,m,1,15,0,,爱生活，爱自己。,1,5.983354962432894e-06
977,3301365721,这不是一个疯子,f,78,263,False,,我想每天都是秋天,1,5.983354962432894e-06
978,7350755601,ry尧杉,f,5,526.0,False,,ᴸⁱᵛᵉ ᵃ ᵍᵒᵒᵈ ˡⁱᶠᵉ ᵐᵉᵉᵗ ˢˡᵒʷˡʸ(好好生活，慢慢相遇),0,5.931721950066722e-06
979,5376990279,清酒抱抱·,m,73,2483,False,,？,7,5.931721950066722e-06
980,6129808376,锦鲤战队大队长,f,2,44,False,,坐吃等死。,1,5.931721950066722e-06
981,7764498895,破大防了-别塌了,f,12,407,False,,嘻嘻,0,5.931721950066722e-06
982,7940596100,小喵吃小鱼干_xY,f,2559,523,True,,下家进我主页 | 默认鞠婧祎女顶🔝 | 朱志鑫登永一C位队长⚠️‼️,1,5.931721950066722e-06
983,5159015265,c淇淇公主,f,25,1236,False,,超帅哒！,5,5.909593516195505e-06
984,7746873748,别忘去食堂吃早餐,f,366,494,False,,镇魂 爱发什么发什么｜骂我打钱 别监视我了,0,5.889476758130763e-06
985,5976572675,罗罗诺亚索拉卡,f,539,822,False,,镇魂,0,5.889476758130763e-06
986,7901937002,言五yu,f,1,80,False,,这人很懒并没有留下什么,0,5.88379354845328e-06
987,5349854343,王西瓜iiii,f,1129,822,False,,“自由散漫.”🌵,6,5.8244841551523636e-06
988,2450468972,亲爱的小滴答,f,285,146,True,超话主持人（落木涯小说超话）,我说的话仅代表我个人观点，勿上升爱豆,7,5.798951346839422e-06
989,6618854763,KiraDLilizi,f,5,580,False,,会拉黑每一个关注我的人不管你是谁😇,0,5.786242449007979e-06
990,2531493030,Kookvov,f,141,197.0,False,,谢谢小狗来爱我,6,5.776822912968205e-06
991,6063043092,思密达的团团饭,f,25.9万,228,True,综艺博主,人多力量大，团饭才是王道哦~,1,5.688309177483338e-06
992,7916950225,小王八方来财,f,31,326,False,,,1,5.688309177483338e-06
993,7683290370,栀信颂悸眠,f,2864,613,True,超话粉丝钻咖（朱志鑫超话）,多操心爱的人,2,5.688309177483338e-06
994,7776379396,知也HZY,f,181,383,True,超话创作官（到此怡游超话）,962464,2,5.688309177483338e-06
995,7830178471,在森林摘蘑菇,f,2,47,False,,镇魂,2,5.688309177483338e-06
996,7910726575,鹿米七七Lumi,f,1,111,False,,Attention is all you need💗,5,5.688309177483338e-06
997,2894317685,我是他们的小粉丝,f,453,919,False,,脾气不好 喜欢真诚 努力赚钱,7,5.688309177483338e-06
998,3743502411,循此_,f,131,640,False,,心里满了，就从口中溢出。,1,5.688309177483338e-06
999,5175071664,小呀小呀大太阳,m,673,74,False,,天天开心 天天漂亮🥰,2,5.688309177483338e-06
1000,5631464467,酒巷痴子,f,45.8万,260,True,校园资讯博主（常州）,,1,5.688309177483338e-06
